MassiveID	filename	SampleType	SampleTypeSub1	NCBITaxonomy	YearOfAnalysis	SampleCollectionMethod	SampleExtractionMethod	InternalStandardsUsed	MassSpectrometer	IonizationSourceAndPolarity	ChromatographyAndPhase	SubjectIdentifierAsRecorded	AgeInYears	BiologicalSex	UBERONBodyPartName	TermsofPosition	HealthStatus	DOIDCommonName	ComorbidityListDOIDIndex	SampleCollectionDateandTime	Country	HumanPopulationDensity	LatitudeandLongitude	DepthorAltitudeMeters	qiita_sample_name	UniqueSubjectID	LifeStage	UBERONOntologyIndex	DOIDOntologyIndex	species	plate	replicate	matrix	sample_type	is_C_companion	has_C_companion	companion_of	timepoint_hrs	life_stage	media	seeding_concentration	is_media_control	use_in_analysis	exclusion_reason	date_seeded	date_collected	container	notes
MSV000090464	A1_liq.mzML	culture_fungal	culture_fungal	403673|Batrachochytrium dendrobatidis	2022	liquid	methanol-water (1:1)	sulfadimethoxine	Q Exactive|MS:1001911	electrospray ionization (positive)	reverse phase (C18)	A1_liq	not applicable	not applicable	not applicable	not applicable	not applicable	not applicable	not applicable	9/2/2022 12:00	United States of America	not applicable	not specified	not specified	not specified	MSV000090464_A1_liq	not applicable	not applicable	not applicable	Batrachochytrium dendrobatidis	A	1	liq	sample	False	False		8	Zoospore	1% Tryptone	7.5x10^6	False	True		3/16/2021	3/16/2021	eppendorf 1.5mL	NA
MSV000090464	A1_spore.mzML	culture_fungal	culture_fungal	403673|Batrachochytrium dendrobatidis	2022	solid material, dried	methanol-water (1:1)	sulfadimethoxine	Q Exactive|MS:1001911	electrospray ionization (positive)	reverse phase (C18)	A1_spore	not applicable	not applicable	not applicable	not applicable	not applicable	not applicable	not applicable	9/2/2022 12:00	United States of America	not applicable	not specified	not specified	not specified	MSV000090464_A1_spore	not applicable	not applicable	not applicable	Batrachochytrium dendrobatidis	A	1	spore	sample	False	True	A1C_liq.mzML	8	Zoospore	1% Tryptone	7.5x10^6	False	True		3/16/2021	3/16/2021	eppendorf 1.5mL	NA
MSV000090464	A1C_liq.mzML	culture_fungal	culture_fungal	403673|Batrachochytrium dendrobatidis	2022	liquid	methanol-water (1:1)	sulfadimethoxine	Q Exactive|MS:1001911	electrospray ionization (positive)	reverse phase (C18)	A1C_liq	not applicable	not applicable	not applicable	not applicable	not applicable	not applicable	not applicable	9/2/2022 12:00	United States of America	not applicable	not specified	not specified	not specified	MSV000090464_A1C_liq	not applicable	not applicable	not applicable	Batrachochytrium dendrobatidis	A	1	liq	sample	True	False	A1_spore.mzML	8	Zoospore	1% Tryptone	0	True	True		3/16/2021	3/16/2021	eppendorf 1.5mL	NA
MSV000090464	A2_liq.mzML	culture_fungal	culture_fungal	403673|Batrachochytrium dendrobatidis	2022	liquid	methanol-water (1:1)	sulfadimethoxine	Q Exactive|MS:1001911	electrospray ionization (positive)	reverse phase (C18)	A2_liq	not applicable	not applicable	not applicable	not applicable	not applicable	not applicable	not applicable	9/2/2022 12:00	United States of America	not applicable	not specified	not specified	not specified	MSV000090464_A2_liq	not applicable	not applicable	not applicable	Batrachochytrium dendrobatidis	A	2	liq	sample	False	False		48	Sporangium	1% Tryptone	7.5x10^6	False	True		3/16/2021	3/17/2021	nest 25cm^2 cell culture flask, non-TC	NA
MSV000090464	A2_spore.mzML	culture_fungal	culture_fungal	403673|Batrachochytrium dendrobatidis	2022	solid material, dried	methanol-water (1:1)	sulfadimethoxine	Q Exactive|MS:1001911	electrospray ionization (positive)	reverse phase (C18)	A2_spore	not applicable	not applicable	not applicable	not applicable	not applicable	not applicable	not applicable	9/2/2022 12:00	United States of America	not applicable	not specified	not specified	not specified	MSV000090464_A2_spore	not applicable	not applicable	not applicable	Batrachochytrium dendrobatidis	A	2	spore	sample	False	True	A2C_liq.mzML	48	Sporangium	1% Tryptone	7.5x10^6	False	True		3/16/2021	3/17/2021	nest 25cm^2 cell culture flask, non-TC	NA
MSV000090464	A2C_liq.mzML	culture_fungal	culture_fungal	403673|Batrachochytrium dendrobatidis	2022	liquid	methanol-water (1:1)	sulfadimethoxine	Q Exactive|MS:1001911	electrospray ionization (positive)	reverse phase (C18)	A2C_liq	not applicable	not applicable	not applicable	not applicable	not applicable	not applicable	not applicable	9/2/2022 12:00	United States of America	not applicable	not specified	not specified	not specified	MSV000090464_A2C_liq	not applicable	not applicable	not applicable	Batrachochytrium dendrobatidis	A	2	liq	sample	True	False	A2_spore.mzML	48	Sporangium	1% Tryptone	0	True	True		3/16/2021	3/17/2021	nest 25cm^2 cell culture flask, non-TC	NA
MSV000090464	A3_liq.mzML	culture_fungal	culture_fungal	403673|Batrachochytrium dendrobatidis	2022	liquid	methanol-water (1:1)	sulfadimethoxine	Q Exactive|MS:1001911	electrospray ionization (positive)	reverse phase (C18)	A3_liq	not applicable	not applicable	not applicable	not applicable	not applicable	not applicable	not applicable	9/2/2022 12:00	United States of America	not applicable	not specified	not specified	not specified	MSV000090464_A3_liq	not applicable	not applicable	not applicable	Batrachochytrium dendrobatidis	A	3	liq	sample	False	False		96	Mature	1% Tryptone	7.5x10^6	False	True		3/16/2021	3/19/2021	nest 25cm^2 cell culture flask, non-TC	NA
MSV000090464	A3_spore.mzML	culture_fungal	culture_fungal	403673|Batrachochytrium dendrobatidis	2022	solid material, dried	methanol-water (1:1)	sulfadimethoxine	Q Exactive|MS:1001911	electrospray ionization (positive)	reverse phase (C18)	A3_spore	not applicable	not applicable	not applicable	not applicable	not applicable	not applicable	not applicable	9/2/2022 12:00	United States of America	not applicable	not specified	not specified	not specified	MSV000090464_A3_spore	not applicable	not applicable	not applicable	Batrachochytrium dendrobatidis	A	3	spore	sample	False	True	A3C_liq.mzML	96	Mature	1% Tryptone	7.5x10^6	False	True		3/16/2021	3/19/2021	nest 25cm^2 cell culture flask, non-TC	NA
MSV000090464	A3C_liq.mzML	culture_fungal	culture_fungal	403673|Batrachochytrium dendrobatidis	2022	liquid	methanol-water (1:1)	sulfadimethoxine	Q Exactive|MS:1001911	electrospray ionization (positive)	reverse phase (C18)	A3C_liq	not applicable	not applicable	not applicable	not applicable	not applicable	not applicable	not applicable	9/2/2022 12:00	United States of America	not applicable	not specified	not specified	not specified	MSV000090464_A3C_liq	not applicable	not applicable	not applicable	Batrachochytrium dendrobatidis	A	3	liq	sample	True	False	A3_spore.mzML	96	Mature	1% Tryptone	0	True	True		3/16/2021	3/19/2021	nest 25cm^2 cell culture flask, non-TC	NA
MSV000090464	B1_liq.mzML	culture_fungal	culture_fungal	403673|Batrachochytrium dendrobatidis	2022	liquid	methanol-water (1:1)	sulfadimethoxine	Q Exactive|MS:1001911	electrospray ionization (positive)	reverse phase (C18)	B1_liq	not applicable	not applicable	not applicable	not applicable	not applicable	not applicable	not applicable	9/2/2022 12:00	United States of America	not applicable	not specified	not specified	not specified	MSV000090464_B1_liq	not applicable	not applicable	not applicable	Batrachochytrium dendrobatidis	B	1	liq	sample	False	False		8	Zoospore	1% Tryptone	7.5x10^6	False	False	B plate: Cells synced using conditioned media. DO NOT USE. Shipped as point of interest for later study	3/18/2021	3/18/2021	eppendorf 1.5mL	Cells synced using conditioned media. DO NOT USE. Shipped as point of interest for later study
MSV000090464	B1_spore.mzML	culture_fungal	culture_fungal	403673|Batrachochytrium dendrobatidis	2022	solid material, dried	methanol-water (1:1)	sulfadimethoxine	Q Exactive|MS:1001911	electrospray ionization (positive)	reverse phase (C18)	B1_spore	not applicable	not applicable	not applicable	not applicable	not applicable	not applicable	not applicable	9/2/2022 12:00	United States of America	not applicable	not specified	not specified	not specified	MSV000090464_B1_spore	not applicable	not applicable	not applicable	Batrachochytrium dendrobatidis	B	1	spore	sample	False	True	B1C_liq.mzML	8	Zoospore	1% Tryptone	7.5x10^6	False	False	B plate: Cells synced using conditioned media. DO NOT USE. Shipped as point of interest for later study	3/18/2021	3/18/2021	eppendorf 1.5mL	Cells synced using conditioned media. DO NOT USE. Shipped as point of interest for later study
MSV000090464	B1C_liq.mzML	culture_fungal	culture_fungal	403673|Batrachochytrium dendrobatidis	2022	liquid	methanol-water (1:1)	sulfadimethoxine	Q Exactive|MS:1001911	electrospray ionization (positive)	reverse phase (C18)	B1C_liq	not applicable	not applicable	not applicable	not applicable	not applicable	not applicable	not applicable	9/2/2022 12:00	United States of America	not applicable	not specified	not specified	not specified	MSV000090464_B1C_liq	not applicable	not applicable	not applicable	Batrachochytrium dendrobatidis	B	1	liq	sample	True	False	B1_spore.mzML	8	Zoospore	1% Tryptone	0	True	False	B plate: Cells synced using conditioned media. DO NOT USE. Shipped as point of interest for later study	3/18/2021	3/18/2021	eppendorf 1.5mL	Cells synced using conditioned media. DO NOT USE. Shipped as point of interest for later study
MSV000090464	B2_liq.mzML	culture_fungal	culture_fungal	403673|Batrachochytrium dendrobatidis	2022	liquid	methanol-water (1:1)	sulfadimethoxine	Q Exactive|MS:1001911	electrospray ionization (positive)	reverse phase (C18)	B2_liq	not applicable	not applicable	not applicable	not applicable	not applicable	not applicable	not applicable	9/2/2022 12:00	United States of America	not applicable	not specified	not specified	not specified	MSV000090464_B2_liq	not applicable	not applicable	not applicable	Batrachochytrium dendrobatidis	B	2	liq	sample	False	False		48	Sporangium	1% Tryptone	7.5x10^6	False	False	B plate: Cells synced using conditioned media. DO NOT USE. Shipped as point of interest for later study	3/18/2021	3/19/2021	nest 25cm^2 cell culture flask, non-TC	Cells synced using conditioned media. DO NOT USE. Shipped as point of interest for later study
MSV000090464	B2_spore.mzML	culture_fungal	culture_fungal	403673|Batrachochytrium dendrobatidis	2022	solid material, dried	methanol-water (1:1)	sulfadimethoxine	Q Exactive|MS:1001911	electrospray ionization (positive)	reverse phase (C18)	B2_spore	not applicable	not applicable	not applicable	not applicable	not applicable	not applicable	not applicable	9/2/2022 12:00	United States of America	not applicable	not specified	not specified	not specified	MSV000090464_B2_spore	not applicable	not applicable	not applicable	Batrachochytrium dendrobatidis	B	2	spore	sample	False	True	B2C_liq.mzML	48	Sporangium	1% Tryptone	7.5x10^6	False	False	B plate: Cells synced using conditioned media. DO NOT USE. Shipped as point of interest for later study	3/18/2021	3/19/2021	nest 25cm^2 cell culture flask, non-TC	Cells synced using conditioned media. DO NOT USE. Shipped as point of interest for later study
MSV000090464	B2C_liq.mzML	culture_fungal	culture_fungal	403673|Batrachochytrium dendrobatidis	2022	liquid	methanol-water (1:1)	sulfadimethoxine	Q Exactive|MS:1001911	electrospray ionization (positive)	reverse phase (C18)	B2C_liq	not applicable	not applicable	not applicable	not applicable	not applicable	not applicable	not applicable	9/2/2022 12:00	United States of America	not applicable	not specified	not specified	not specified	MSV000090464_B2C_liq	not applicable	not applicable	not applicable	Batrachochytrium dendrobatidis	B	2	liq	sample	True	False	B2_spore.mzML	48	Sporangium	1% Tryptone	0	True	False	B plate: Cells synced using conditioned media. DO NOT USE. Shipped as point of interest for later study	3/18/2021	3/19/2021	nest 25cm^2 cell culture flask, non-TC	Cells synced using conditioned media. DO NOT USE. Shipped as point of interest for later study
MSV000090464	B3_liq.mzML	culture_fungal	culture_fungal	403673|Batrachochytrium dendrobatidis	2022	liquid	methanol-water (1:1)	sulfadimethoxine	Q Exactive|MS:1001911	electrospray ionization (positive)	reverse phase (C18)	B3_liq	not applicable	not applicable	not applicable	not applicable	not applicable	not applicable	not applicable	9/2/2022 12:00	United States of America	not applicable	not specified	not specified	not specified	MSV000090464_B3_liq	not applicable	not applicable	not applicable	Batrachochytrium dendrobatidis	B	3	liq	sample	False	False		96	Mature	1% Tryptone	7.5x10^6	False	False	B plate: Cells synced using conditioned media. DO NOT USE. Shipped as point of interest for later study	3/18/2021	3/21/2021	nest 25cm^2 cell culture flask, non-TC	Cells synced using conditioned media. DO NOT USE. Shipped as point of interest for later study
MSV000090464	B3_spore.mzML	culture_fungal	culture_fungal	403673|Batrachochytrium dendrobatidis	2022	solid material, dried	methanol-water (1:1)	sulfadimethoxine	Q Exactive|MS:1001911	electrospray ionization (positive)	reverse phase (C18)	B3_spore	not applicable	not applicable	not applicable	not applicable	not applicable	not applicable	not applicable	9/2/2022 12:00	United States of America	not applicable	not specified	not specified	not specified	MSV000090464_B3_spore	not applicable	not applicable	not applicable	Batrachochytrium dendrobatidis	B	3	spore	sample	False	True	B3C_liq.mzML	96	Mature	1% Tryptone	7.5x10^6	False	False	B plate: Cells synced using conditioned media. DO NOT USE. Shipped as point of interest for later study	3/18/2021	3/21/2021	nest 25cm^2 cell culture flask, non-TC	Cells synced using conditioned media. DO NOT USE. Shipped as point of interest for later study
MSV000090464	B3C_liq.mzML	culture_fungal	culture_fungal	403673|Batrachochytrium dendrobatidis	2022	liquid	methanol-water (1:1)	sulfadimethoxine	Q Exactive|MS:1001911	electrospray ionization (positive)	reverse phase (C18)	B3C_liq	not applicable	not applicable	not applicable	not applicable	not applicable	not applicable	not applicable	9/2/2022 12:00	United States of America	not applicable	not specified	not specified	not specified	MSV000090464_B3C_liq	not applicable	not applicable	not applicable	Batrachochytrium dendrobatidis	B	3	liq	sample	True	False	B3_spore.mzML	96	Mature	1% Tryptone	0	True	False	B plate: Cells synced using conditioned media. DO NOT USE. Shipped as point of interest for later study	3/18/2021	3/21/2021	nest 25cm^2 cell culture flask, non-TC	Cells synced using conditioned media. DO NOT USE. Shipped as point of interest for later study
MSV000090464	C1_liq.mzML	culture_fungal	culture_fungal	403673|Batrachochytrium dendrobatidis	2022	liquid	methanol-water (1:1)	sulfadimethoxine	Q Exactive|MS:1001911	electrospray ionization (positive)	reverse phase (C18)	C1_liq	not applicable	not applicable	not applicable	not applicable	not applicable	not applicable	not applicable	9/2/2022 12:00	United States of America	not applicable	not specified	not specified	not specified	MSV000090464_C1_liq	not applicable	not applicable	not applicable	Batrachochytrium dendrobatidis	C	1	liq	sample	False	False		8	Zoospore	1% Tryptone	7.5x10^6	False	True		3/19/2021	3/19/2021	eppendorf 1.5mL	NA
MSV000090464	C1_spore.mzML	culture_fungal	culture_fungal	403673|Batrachochytrium dendrobatidis	2022	solid material, dried	methanol-water (1:1)	sulfadimethoxine	Q Exactive|MS:1001911	electrospray ionization (positive)	reverse phase (C18)	C1_spore	not applicable	not applicable	not applicable	not applicable	not applicable	not applicable	not applicable	9/2/2022 12:00	United States of America	not applicable	not specified	not specified	not specified	MSV000090464_C1_spore	not applicable	not applicable	not applicable	Batrachochytrium dendrobatidis	C	1	spore	sample	False	True	C1C_liq.mzML	8	Zoospore	1% Tryptone	7.5x10^6	False	True		3/19/2021	3/19/2021	eppendorf 1.5mL	NA
MSV000090464	C1C_liq.mzML	culture_fungal	culture_fungal	403673|Batrachochytrium dendrobatidis	2022	liquid	methanol-water (1:1)	sulfadimethoxine	Q Exactive|MS:1001911	electrospray ionization (positive)	reverse phase (C18)	C1C_liq	not applicable	not applicable	not applicable	not applicable	not applicable	not applicable	not applicable	9/2/2022 12:00	United States of America	not applicable	not specified	not specified	not specified	MSV000090464_C1C_liq	not applicable	not applicable	not applicable	Batrachochytrium dendrobatidis	C	1	liq	sample	True	False	C1_spore.mzML	8	Zoospore	1% Tryptone	0	True	True		3/19/2021	3/19/2021	eppendorf 1.5mL	NA
MSV000090464	C2_liq.mzML	culture_fungal	culture_fungal	403673|Batrachochytrium dendrobatidis	2022	liquid	methanol-water (1:1)	sulfadimethoxine	Q Exactive|MS:1001911	electrospray ionization (positive)	reverse phase (C18)	C2_liq	not applicable	not applicable	not applicable	not applicable	not applicable	not applicable	not applicable	9/2/2022 12:00	United States of America	not applicable	not specified	not specified	not specified	MSV000090464_C2_liq	not applicable	not applicable	not applicable	Batrachochytrium dendrobatidis	C	2	liq	sample	False	False		48	Sporangium	1% Tryptone	7.5x10^6	False	True		3/19/2021	3/20/2021	nest 25cm^2 cell culture flask, non-TC	NA
MSV000090464	C2_spore.mzML	culture_fungal	culture_fungal	403673|Batrachochytrium dendrobatidis	2022	solid material, dried	methanol-water (1:1)	sulfadimethoxine	Q Exactive|MS:1001911	electrospray ionization (positive)	reverse phase (C18)	C2_spore	not applicable	not applicable	not applicable	not applicable	not applicable	not applicable	not applicable	9/2/2022 12:00	United States of America	not applicable	not specified	not specified	not specified	MSV000090464_C2_spore	not applicable	not applicable	not applicable	Batrachochytrium dendrobatidis	C	2	spore	sample	False	True	C2C_liq.mzML	48	Sporangium	1% Tryptone	7.5x10^6	False	True		3/19/2021	3/20/2021	nest 25cm^2 cell culture flask, non-TC	NA
MSV000090464	C2C_liq.mzML	culture_fungal	culture_fungal	403673|Batrachochytrium dendrobatidis	2022	liquid	methanol-water (1:1)	sulfadimethoxine	Q Exactive|MS:1001911	electrospray ionization (positive)	reverse phase (C18)	C2C_liq	not applicable	not applicable	not applicable	not applicable	not applicable	not applicable	not applicable	9/2/2022 12:00	United States of America	not applicable	not specified	not specified	not specified	MSV000090464_C2C_liq	not applicable	not applicable	not applicable	Batrachochytrium dendrobatidis	C	2	liq	sample	True	False	C2_spore.mzML	48	Sporangium	1% Tryptone	0	True	True		3/19/2021	3/20/2021	nest 25cm^2 cell culture flask, non-TC	NA
MSV000090464	C3_liq.mzML	culture_fungal	culture_fungal	403673|Batrachochytrium dendrobatidis	2022	liquid	methanol-water (1:1)	sulfadimethoxine	Q Exactive|MS:1001911	electrospray ionization (positive)	reverse phase (C18)	C3_liq	not applicable	not applicable	not applicable	not applicable	not applicable	not applicable	not applicable	9/2/2022 12:00	United States of America	not applicable	not specified	not specified	not specified	MSV000090464_C3_liq	not applicable	not applicable	not applicable	Batrachochytrium dendrobatidis	C	3	liq	sample	False	False		96	Mature	1% Tryptone	7.5x10^6	False	True		3/19/2021	3/22/2021	nest 25cm^2 cell culture flask, non-TC	NA
MSV000090464	C3_spore.mzML	culture_fungal	culture_fungal	403673|Batrachochytrium dendrobatidis	2022	solid material, dried	methanol-water (1:1)	sulfadimethoxine	Q Exactive|MS:1001911	electrospray ionization (positive)	reverse phase (C18)	C3_spore	not applicable	not applicable	not applicable	not applicable	not applicable	not applicable	not applicable	9/2/2022 12:00	United States of America	not applicable	not specified	not specified	not specified	MSV000090464_C3_spore	not applicable	not applicable	not applicable	Batrachochytrium dendrobatidis	C	3	spore	sample	False	True	C3C_liq.mzML	96	Mature	1% Tryptone	7.5x10^6	False	True		3/19/2021	3/22/2021	nest 25cm^2 cell culture flask, non-TC	NA
MSV000090464	C3C_liq.mzML	culture_fungal	culture_fungal	403673|Batrachochytrium dendrobatidis	2022	liquid	methanol-water (1:1)	sulfadimethoxine	Q Exactive|MS:1001911	electrospray ionization (positive)	reverse phase (C18)	C3C_liq	not applicable	not applicable	not applicable	not applicable	not applicable	not applicable	not applicable	9/2/2022 12:00	United States of America	not applicable	not specified	not specified	not specified	MSV000090464_C3C_liq	not applicable	not applicable	not applicable	Batrachochytrium dendrobatidis	C	3	liq	sample	True	False	C3_spore.mzML	96	Mature	1% Tryptone	0	True	True		3/19/2021	3/22/2021	nest 25cm^2 cell culture flask, non-TC	NA
MSV000090464	D1_liq.mzML	culture_fungal	culture_fungal	403673|Batrachochytrium dendrobatidis	2022	liquid	methanol-water (1:1)	sulfadimethoxine	Q Exactive|MS:1001911	electrospray ionization (positive)	reverse phase (C18)	D1_liq	not applicable	not applicable	not applicable	not applicable	not applicable	not applicable	not applicable	9/2/2022 12:00	United States of America	not applicable	not specified	not specified	not specified	MSV000090464_D1_liq	not applicable	not applicable	not applicable	Batrachochytrium dendrobatidis	D	1	liq	sample	False	False		8	Zoospore	1% Tryptone	7.5x10^6	False	True		3/20/2021	3/20/2021	eppendorf 1.5mL	NA
MSV000090464	D1_spore.mzML	culture_fungal	culture_fungal	403673|Batrachochytrium dendrobatidis	2022	solid material, dried	methanol-water (1:1)	sulfadimethoxine	Q Exactive|MS:1001911	electrospray ionization (positive)	reverse phase (C18)	D1_spore	not applicable	not applicable	not applicable	not applicable	not applicable	not applicable	not applicable	9/2/2022 12:00	United States of America	not applicable	not specified	not specified	not specified	MSV000090464_D1_spore	not applicable	not applicable	not applicable	Batrachochytrium dendrobatidis	D	1	spore	sample	False	True	D1C_liq.mzML	8	Zoospore	1% Tryptone	7.5x10^6	False	True		3/20/2021	3/20/2021	eppendorf 1.5mL	NA
MSV000090464	D1C_liq.mzML	culture_fungal	culture_fungal	403673|Batrachochytrium dendrobatidis	2022	liquid	methanol-water (1:1)	sulfadimethoxine	Q Exactive|MS:1001911	electrospray ionization (positive)	reverse phase (C18)	D1C_liq	not applicable	not applicable	not applicable	not applicable	not applicable	not applicable	not applicable	9/2/2022 12:00	United States of America	not applicable	not specified	not specified	not specified	MSV000090464_D1C_liq	not applicable	not applicable	not applicable	Batrachochytrium dendrobatidis	D	1	liq	sample	True	False	D1_spore.mzML	8	Zoospore	1% Tryptone	0	True	True		3/20/2021	3/20/2021	eppendorf 1.5mL	NA
MSV000090464	D3_liq.mzML	culture_fungal	culture_fungal	403673|Batrachochytrium dendrobatidis	2022	liquid	methanol-water (1:1)	sulfadimethoxine	Q Exactive|MS:1001911	electrospray ionization (positive)	reverse phase (C18)	D3_liq	not applicable	not applicable	not applicable	not applicable	not applicable	not applicable	not applicable	9/2/2022 12:00	United States of America	not applicable	not specified	not specified	not specified	MSV000090464_D3_liq	not applicable	not applicable	not applicable	Batrachochytrium dendrobatidis	D	3	liq	sample	False	False		48	Sporangium	1% Tryptone	7.5x10^6	False	True		3/20/2021	3/21/2021	nest 25cm^2 cell culture flask, non-TC	"This is the second timepoint. I mislabeled it ""D3"" and decided to keep it rather than scribble illegible information on the tubes."
MSV000090464	D3_spore.mzML	culture_fungal	culture_fungal	403673|Batrachochytrium dendrobatidis	2022	solid material, dried	methanol-water (1:1)	sulfadimethoxine	Q Exactive|MS:1001911	electrospray ionization (positive)	reverse phase (C18)	D3_spore	not applicable	not applicable	not applicable	not applicable	not applicable	not applicable	not applicable	9/2/2022 12:00	United States of America	not applicable	not specified	not specified	not specified	MSV000090464_D3_spore	not applicable	not applicable	not applicable	Batrachochytrium dendrobatidis	D	3	spore	sample	False	True	D3C_liq.mzML	48	Sporangium	1% Tryptone	7.5x10^6	False	True		3/20/2021	3/21/2021	nest 25cm^2 cell culture flask, non-TC	"This is the second timepoint. I mislabeled it ""D3"" and decided to keep it rather than scribble illegible information on the tubes."
MSV000090464	D3C_liq.mzML	culture_fungal	culture_fungal	403673|Batrachochytrium dendrobatidis	2022	liquid	methanol-water (1:1)	sulfadimethoxine	Q Exactive|MS:1001911	electrospray ionization (positive)	reverse phase (C18)	D3C_liq	not applicable	not applicable	not applicable	not applicable	not applicable	not applicable	not applicable	9/2/2022 12:00	United States of America	not applicable	not specified	not specified	not specified	MSV000090464_D3C_liq	not applicable	not applicable	not applicable	Batrachochytrium dendrobatidis	D	3	liq	sample	True	False	D3_spore.mzML	48	Sporangium	1% Tryptone	0	True	True		3/20/2021	3/21/2021	nest 25cm^2 cell culture flask, non-TC	"This is the second timepoint. I mislabeled it ""D3"" and decided to keep it rather than scribble illegible information on the tubes."
MSV000090464	D4_liq.mzML	culture_fungal	culture_fungal	403673|Batrachochytrium dendrobatidis	2022	liquid	methanol-water (1:1)	sulfadimethoxine	Q Exactive|MS:1001911	electrospray ionization (positive)	reverse phase (C18)	D4_liq	not applicable	not applicable	not applicable	not applicable	not applicable	not applicable	not applicable	9/2/2022 12:00	United States of America	not applicable	not specified	not specified	not specified	MSV000090464_D4_liq	not applicable	not applicable	not applicable	Batrachochytrium dendrobatidis	D	4	liq	sample	False	False		96	Mature	1% Tryptone	7.5x10^6	False	True		3/20/2021	3/23/2021	nest 25cm^2 cell culture flask, non-TC	This is the third timepoint. I mislabeled the second timepoint and decided to continue in ascending order rather than scribble illegible information on the tubes.
MSV000090464	D4_spore.mzML	culture_fungal	culture_fungal	403673|Batrachochytrium dendrobatidis	2022	solid material, dried	methanol-water (1:1)	sulfadimethoxine	Q Exactive|MS:1001911	electrospray ionization (positive)	reverse phase (C18)	D4_spore	not applicable	not applicable	not applicable	not applicable	not applicable	not applicable	not applicable	9/2/2022 12:00	United States of America	not applicable	not specified	not specified	not specified	MSV000090464_D4_spore	not applicable	not applicable	not applicable	Batrachochytrium dendrobatidis	D	4	spore	sample	False	True	D4C_liq.mzML	96	Mature	1% Tryptone	7.5x10^6	False	True		3/20/2021	3/23/2021	nest 25cm^2 cell culture flask, non-TC	This is the third timepoint. I mislabeled the second timepoint and decided to continue in ascending order rather than scribble illegible information on the tubes.
MSV000090464	D4C_liq.mzML	culture_fungal	culture_fungal	403673|Batrachochytrium dendrobatidis	2022	liquid	methanol-water (1:1)	sulfadimethoxine	Q Exactive|MS:1001911	electrospray ionization (positive)	reverse phase (C18)	D4C_liq	not applicable	not applicable	not applicable	not applicable	not applicable	not applicable	not applicable	9/2/2022 12:00	United States of America	not applicable	not specified	not specified	not specified	MSV000090464_D4C_liq	not applicable	not applicable	not applicable	Batrachochytrium dendrobatidis	D	4	liq	sample	True	False	D4_spore.mzML	96	Mature	1% Tryptone	0	True	True		3/20/2021	3/23/2021	nest 25cm^2 cell culture flask, non-TC	This is the third timepoint. I mislabeled the second timepoint and decided to continue in ascending order rather than scribble illegible information on the tubes.
MSV000090464	E1_liq.mzML	culture_fungal	culture_fungal	403673|Batrachochytrium dendrobatidis	2022	liquid	methanol-water (1:1)	sulfadimethoxine	Q Exactive|MS:1001911	electrospray ionization (positive)	reverse phase (C18)	E1_liq	not applicable	not applicable	not applicable	not applicable	not applicable	not applicable	not applicable	9/2/2022 12:00	United States of America	not applicable	not specified	not specified	not specified	MSV000090464_E1_liq	not applicable	not applicable	not applicable	Batrachochytrium dendrobatidis	E	1	liq	sample	False	False		8	Zoospore	1% Tryptone	7.5x10^6	False	True		3/21/2021	3/21/2021	eppendorf 1.5mL	NA
MSV000090464	E1_spore.mzML	culture_fungal	culture_fungal	403673|Batrachochytrium dendrobatidis	2022	solid material, dried	methanol-water (1:1)	sulfadimethoxine	Q Exactive|MS:1001911	electrospray ionization (positive)	reverse phase (C18)	E1_spore	not applicable	not applicable	not applicable	not applicable	not applicable	not applicable	not applicable	9/2/2022 12:00	United States of America	not applicable	not specified	not specified	not specified	MSV000090464_E1_spore	not applicable	not applicable	not applicable	Batrachochytrium dendrobatidis	E	1	spore	sample	False	True	E1C_liq.mzML	8	Zoospore	1% Tryptone	7.5x10^6	False	True		3/21/2021	3/21/2021	eppendorf 1.5mL	NA
MSV000090464	E1C_liq.mzML	culture_fungal	culture_fungal	403673|Batrachochytrium dendrobatidis	2022	liquid	methanol-water (1:1)	sulfadimethoxine	Q Exactive|MS:1001911	electrospray ionization (positive)	reverse phase (C18)	E1C_liq	not applicable	not applicable	not applicable	not applicable	not applicable	not applicable	not applicable	9/2/2022 12:00	United States of America	not applicable	not specified	not specified	not specified	MSV000090464_E1C_liq	not applicable	not applicable	not applicable	Batrachochytrium dendrobatidis	E	1	liq	sample	True	False	E1_spore.mzML	8	Zoospore	1% Tryptone	0	True	True		3/21/2021	3/21/2021	eppendorf 1.5mL	NA
MSV000090464	E2_liq.mzML	culture_fungal	culture_fungal	403673|Batrachochytrium dendrobatidis	2022	liquid	methanol-water (1:1)	sulfadimethoxine	Q Exactive|MS:1001911	electrospray ionization (positive)	reverse phase (C18)	E2_liq	not applicable	not applicable	not applicable	not applicable	not applicable	not applicable	not applicable	9/2/2022 12:00	United States of America	not applicable	not specified	not specified	not specified	MSV000090464_E2_liq	not applicable	not applicable	not applicable	Batrachochytrium dendrobatidis	E	2	liq	sample	False	False		48	Sporangium	1% Tryptone	7.5x10^6	False	True		3/21/2021	3/22/2021	nest 25cm^2 cell culture flask, non-TC	NA
MSV000090464	E2_spore.mzML	culture_fungal	culture_fungal	403673|Batrachochytrium dendrobatidis	2022	solid material, dried	methanol-water (1:1)	sulfadimethoxine	Q Exactive|MS:1001911	electrospray ionization (positive)	reverse phase (C18)	E2_spore	not applicable	not applicable	not applicable	not applicable	not applicable	not applicable	not applicable	9/2/2022 12:00	United States of America	not applicable	not specified	not specified	not specified	MSV000090464_E2_spore	not applicable	not applicable	not applicable	Batrachochytrium dendrobatidis	E	2	spore	sample	False	True	E2C_liq.mzML	48	Sporangium	1% Tryptone	7.5x10^6	False	True		3/21/2021	3/22/2021	nest 25cm^2 cell culture flask, non-TC	NA
MSV000090464	E2C_liq.mzML	culture_fungal	culture_fungal	403673|Batrachochytrium dendrobatidis	2022	liquid	methanol-water (1:1)	sulfadimethoxine	Q Exactive|MS:1001911	electrospray ionization (positive)	reverse phase (C18)	E2C_liq	not applicable	not applicable	not applicable	not applicable	not applicable	not applicable	not applicable	9/2/2022 12:00	United States of America	not applicable	not specified	not specified	not specified	MSV000090464_E2C_liq	not applicable	not applicable	not applicable	Batrachochytrium dendrobatidis	E	2	liq	sample	True	False	E2_spore.mzML	48	Sporangium	1% Tryptone	0	True	True		3/21/2021	3/22/2021	nest 25cm^2 cell culture flask, non-TC	NA
MSV000090464	E3_liq.mzML	culture_fungal	culture_fungal	403673|Batrachochytrium dendrobatidis	2022	liquid	methanol-water (1:1)	sulfadimethoxine	Q Exactive|MS:1001911	electrospray ionization (positive)	reverse phase (C18)	E3_liq	not applicable	not applicable	not applicable	not applicable	not applicable	not applicable	not applicable	9/2/2022 12:00	United States of America	not applicable	not specified	not specified	not specified	MSV000090464_E3_liq	not applicable	not applicable	not applicable	Batrachochytrium dendrobatidis	E	3	liq	sample	False	False		96	Mature	1% Tryptone	7.5x10^6	False	True		3/21/2021	3/24/2021	nest 25cm^2 cell culture flask, non-TC	NA
MSV000090464	E3_spore.mzML	culture_fungal	culture_fungal	403673|Batrachochytrium dendrobatidis	2022	solid material, dried	methanol-water (1:1)	sulfadimethoxine	Q Exactive|MS:1001911	electrospray ionization (positive)	reverse phase (C18)	E3_spore	not applicable	not applicable	not applicable	not applicable	not applicable	not applicable	not applicable	9/2/2022 12:00	United States of America	not applicable	not specified	not specified	not specified	MSV000090464_E3_spore	not applicable	not applicable	not applicable	Batrachochytrium dendrobatidis	E	3	spore	sample	False	True	E3C_liq.mzML	96	Mature	1% Tryptone	7.5x10^6	False	True		3/21/2021	3/24/2021	nest 25cm^2 cell culture flask, non-TC	NA
MSV000090464	E3C_liq.mzML	culture_fungal	culture_fungal	403673|Batrachochytrium dendrobatidis	2022	liquid	methanol-water (1:1)	sulfadimethoxine	Q Exactive|MS:1001911	electrospray ionization (positive)	reverse phase (C18)	E3C_liq	not applicable	not applicable	not applicable	not applicable	not applicable	not applicable	not applicable	9/2/2022 12:00	United States of America	not applicable	not specified	not specified	not specified	MSV000090464_E3C_liq	not applicable	not applicable	not applicable	Batrachochytrium dendrobatidis	E	3	liq	sample	True	False	E3_spore.mzML	96	Mature	1% Tryptone	0	True	True		3/21/2021	3/24/2021	nest 25cm^2 cell culture flask, non-TC	NA
MSV000090464	F1_liq.mzML	culture_fungal	culture_fungal	403673|Batrachochytrium dendrobatidis	2022	liquid	methanol-water (1:1)	sulfadimethoxine	Q Exactive|MS:1001911	electrospray ionization (positive)	reverse phase (C18)	F1_liq	not applicable	not applicable	not applicable	not applicable	not applicable	not applicable	not applicable	9/2/2022 12:00	United States of America	not applicable	not specified	not specified	not specified	MSV000090464_F1_liq	not applicable	not applicable	not applicable	Batrachochytrium dendrobatidis	F	1	liq	sample	False	False		8	Zoospore	1% Tryptone	7.5x10^6	False	True		3/22/2021	3/22/2021	eppendorf 1.5mL	NA
MSV000090464	F1_spore.mzML	culture_fungal	culture_fungal	403673|Batrachochytrium dendrobatidis	2022	solid material, dried	methanol-water (1:1)	sulfadimethoxine	Q Exactive|MS:1001911	electrospray ionization (positive)	reverse phase (C18)	F1_spore	not applicable	not applicable	not applicable	not applicable	not applicable	not applicable	not applicable	9/2/2022 12:00	United States of America	not applicable	not specified	not specified	not specified	MSV000090464_F1_spore	not applicable	not applicable	not applicable	Batrachochytrium dendrobatidis	F	1	spore	sample	False	True	F1C_liq.mzML	8	Zoospore	1% Tryptone	7.5x10^6	False	True		3/22/2021	3/22/2021	eppendorf 1.5mL	NA
MSV000090464	F1C_liq.mzML	culture_fungal	culture_fungal	403673|Batrachochytrium dendrobatidis	2022	liquid	methanol-water (1:1)	sulfadimethoxine	Q Exactive|MS:1001911	electrospray ionization (positive)	reverse phase (C18)	F1C_liq	not applicable	not applicable	not applicable	not applicable	not applicable	not applicable	not applicable	9/2/2022 12:00	United States of America	not applicable	not specified	not specified	not specified	MSV000090464_F1C_liq	not applicable	not applicable	not applicable	Batrachochytrium dendrobatidis	F	1	liq	sample	True	False	F1_spore.mzML	8	Zoospore	1% Tryptone	0	True	True		3/22/2021	3/22/2021	eppendorf 1.5mL	NA
MSV000090464	F2_liq.mzML	culture_fungal	culture_fungal	403673|Batrachochytrium dendrobatidis	2022	liquid	methanol-water (1:1)	sulfadimethoxine	Q Exactive|MS:1001911	electrospray ionization (positive)	reverse phase (C18)	F2_liq	not applicable	not applicable	not applicable	not applicable	not applicable	not applicable	not applicable	9/2/2022 12:00	United States of America	not applicable	not specified	not specified	not specified	MSV000090464_F2_liq	not applicable	not applicable	not applicable	Batrachochytrium dendrobatidis	F	2	liq	sample	False	False		48	Sporangium	1% Tryptone	7.5x10^6	False	True		3/22/2021	3/23/2021	nest 25cm^2 cell culture flask, non-TC	NA
MSV000090464	F2_spore.mzML	culture_fungal	culture_fungal	403673|Batrachochytrium dendrobatidis	2022	solid material, dried	methanol-water (1:1)	sulfadimethoxine	Q Exactive|MS:1001911	electrospray ionization (positive)	reverse phase (C18)	F2_spore	not applicable	not applicable	not applicable	not applicable	not applicable	not applicable	not applicable	9/2/2022 12:00	United States of America	not applicable	not specified	not specified	not specified	MSV000090464_F2_spore	not applicable	not applicable	not applicable	Batrachochytrium dendrobatidis	F	2	spore	sample	False	True	F2C_liq.mzML	48	Sporangium	1% Tryptone	7.5x10^6	False	True		3/22/2021	3/23/2021	nest 25cm^2 cell culture flask, non-TC	NA
MSV000090464	F2C_liq.mzML	culture_fungal	culture_fungal	403673|Batrachochytrium dendrobatidis	2022	liquid	methanol-water (1:1)	sulfadimethoxine	Q Exactive|MS:1001911	electrospray ionization (positive)	reverse phase (C18)	F2C_liq	not applicable	not applicable	not applicable	not applicable	not applicable	not applicable	not applicable	9/2/2022 12:00	United States of America	not applicable	not specified	not specified	not specified	MSV000090464_F2C_liq	not applicable	not applicable	not applicable	Batrachochytrium dendrobatidis	F	2	liq	sample	True	False	F2_spore.mzML	48	Sporangium	1% Tryptone	0	True	True		3/22/2021	3/23/2021	nest 25cm^2 cell culture flask, non-TC	NA
MSV000090464	F3_liq.mzML	culture_fungal	culture_fungal	403673|Batrachochytrium dendrobatidis	2022	liquid	methanol-water (1:1)	sulfadimethoxine	Q Exactive|MS:1001911	electrospray ionization (positive)	reverse phase (C18)	F3_liq	not applicable	not applicable	not applicable	not applicable	not applicable	not applicable	not applicable	9/2/2022 12:00	United States of America	not applicable	not specified	not specified	not specified	MSV000090464_F3_liq	not applicable	not applicable	not applicable	Batrachochytrium dendrobatidis	F	3	liq	sample	False	False		96	Mature	1% Tryptone	7.5x10^6	False	True		3/22/2021	3/25/2021	nest 25cm^2 cell culture flask, non-TC	NA
MSV000090464	F3_spore.mzML	culture_fungal	culture_fungal	403673|Batrachochytrium dendrobatidis	2022	solid material, dried	methanol-water (1:1)	sulfadimethoxine	Q Exactive|MS:1001911	electrospray ionization (positive)	reverse phase (C18)	F3_spore	not applicable	not applicable	not applicable	not applicable	not applicable	not applicable	not applicable	9/2/2022 12:00	United States of America	not applicable	not specified	not specified	not specified	MSV000090464_F3_spore	not applicable	not applicable	not applicable	Batrachochytrium dendrobatidis	F	3	spore	sample	False	True	F3C_liq.mzML	96	Mature	1% Tryptone	7.5x10^6	False	True		3/22/2021	3/25/2021	nest 25cm^2 cell culture flask, non-TC	NA
MSV000090464	F3C_liq.mzML	culture_fungal	culture_fungal	403673|Batrachochytrium dendrobatidis	2022	liquid	methanol-water (1:1)	sulfadimethoxine	Q Exactive|MS:1001911	electrospray ionization (positive)	reverse phase (C18)	F3C_liq	not applicable	not applicable	not applicable	not applicable	not applicable	not applicable	not applicable	9/2/2022 12:00	United States of America	not applicable	not specified	not specified	not specified	MSV000090464_F3C_liq	not applicable	not applicable	not applicable	Batrachochytrium dendrobatidis	F	3	liq	sample	True	False	F3_spore.mzML	96	Mature	1% Tryptone	0	True	True		3/22/2021	3/25/2021	nest 25cm^2 cell culture flask, non-TC	NA
MSV000090464	V1_liq.mzML	culture_fungal	culture_fungal	1357716|Batrachochytrium salamandrivorans	2022	liquid	methanol-water (1:1)	sulfadimethoxine	Q Exactive|MS:1001911	electrospray ionization (positive)	reverse phase (C18)	V1_liq	not applicable	not applicable	not applicable	not applicable	not applicable	not applicable	not applicable	9/2/2022 12:00	United States of America	not applicable	not specified	not specified	not specified	MSV000090464_V1_liq	not applicable	not applicable	not applicable	Batrachochytrium salamandrivorans	V	1	liq	sample	False	False		8	Zoospore	50% TGHL	7.5x10^6	False	True		1/27/2021	1/27/2021	eppendorf 1.5mL	NA
MSV000090464	V1_spores.mzML	culture_fungal	culture_fungal	1357716|Batrachochytrium salamandrivorans	2022	solid material, dried	methanol-water (1:1)	sulfadimethoxine	Q Exactive|MS:1001911	electrospray ionization (positive)	reverse phase (C18)	V1_spores	not applicable	not applicable	not applicable	not applicable	not applicable	not applicable	not applicable	9/2/2022 12:00	United States of America	not applicable	not specified	not specified	not specified	MSV000090464_V1_spores	not applicable	not applicable	not applicable	Batrachochytrium salamandrivorans	V	1	spore	sample	False	True	V1C_liq.mzML	8	Zoospore	50% TGHL	7.5x10^6	False	True		1/27/2021	1/27/2021	eppendorf 1.5mL	NA
MSV000090464	V1C_liq.mzML	culture_fungal	culture_fungal	1357716|Batrachochytrium salamandrivorans	2022	liquid	methanol-water (1:1)	sulfadimethoxine	Q Exactive|MS:1001911	electrospray ionization (positive)	reverse phase (C18)	V1C_liq	not applicable	not applicable	not applicable	not applicable	not applicable	not applicable	not applicable	9/2/2022 12:00	United States of America	not applicable	not specified	not specified	not specified	MSV000090464_V1C_liq	not applicable	not applicable	not applicable	Batrachochytrium salamandrivorans	V	1	liq	sample	True	False	V1_spores.mzML	8	Zoospore	50% TGHL	0	True	True		1/27/2021	1/27/2021	eppendorf 1.5mL	NA
MSV000090464	V2_liq.mzML	culture_fungal	culture_fungal	1357716|Batrachochytrium salamandrivorans	2022	liquid	methanol-water (1:1)	sulfadimethoxine	Q Exactive|MS:1001911	electrospray ionization (positive)	reverse phase (C18)	V2_liq	not applicable	not applicable	not applicable	not applicable	not applicable	not applicable	not applicable	9/2/2022 12:00	United States of America	not applicable	not specified	not specified	not specified	MSV000090464_V2_liq	not applicable	not applicable	not applicable	Batrachochytrium salamandrivorans	V	2	liq	sample	False	False		48	Sporangium	50% TGHL	7.5x10^6	False	True		1/27/2021	1/29/2021	nest 25cm^2 cell culture flask, non-TC	NA
MSV000090464	V2_spores.mzML	culture_fungal	culture_fungal	1357716|Batrachochytrium salamandrivorans	2022	solid material, dried	methanol-water (1:1)	sulfadimethoxine	Q Exactive|MS:1001911	electrospray ionization (positive)	reverse phase (C18)	V2_spores	not applicable	not applicable	not applicable	not applicable	not applicable	not applicable	not applicable	9/2/2022 12:00	United States of America	not applicable	not specified	not specified	not specified	MSV000090464_V2_spores	not applicable	not applicable	not applicable	Batrachochytrium salamandrivorans	V	2	spore	sample	False	True	V2C_liq.mzML	48	Sporangium	50% TGHL	7.5x10^6	False	True		1/27/2021	1/29/2021	nest 25cm^2 cell culture flask, non-TC	NA
MSV000090464	V2C_liq.mzML	culture_fungal	culture_fungal	1357716|Batrachochytrium salamandrivorans	2022	liquid	methanol-water (1:1)	sulfadimethoxine	Q Exactive|MS:1001911	electrospray ionization (positive)	reverse phase (C18)	V2C_liq	not applicable	not applicable	not applicable	not applicable	not applicable	not applicable	not applicable	9/2/2022 12:00	United States of America	not applicable	not specified	not specified	not specified	MSV000090464_V2C_liq	not applicable	not applicable	not applicable	Batrachochytrium salamandrivorans	V	2	liq	sample	True	False	V2_spores.mzML	48	Sporangium	50% TGHL	0	True	True		1/27/2021	1/29/2021	nest 25cm^2 cell culture flask, non-TC	NA
MSV000090464	V3_liq.mzML	culture_fungal	culture_fungal	1357716|Batrachochytrium salamandrivorans	2022	liquid	methanol-water (1:1)	sulfadimethoxine	Q Exactive|MS:1001911	electrospray ionization (positive)	reverse phase (C18)	V3_liq	not applicable	not applicable	not applicable	not applicable	not applicable	not applicable	not applicable	9/2/2022 12:00	United States of America	not applicable	not specified	not specified	not specified	MSV000090464_V3_liq	not applicable	not applicable	not applicable	Batrachochytrium salamandrivorans	V	3	liq	sample	False	False		96	Mature	50% TGHL	7.5x10^6	False	True		1/27/2021	1/31/2021	nest 25cm^2 cell culture flask, non-TC	NA
MSV000090464	V3_spores.mzML	culture_fungal	culture_fungal	1357716|Batrachochytrium salamandrivorans	2022	solid material, dried	methanol-water (1:1)	sulfadimethoxine	Q Exactive|MS:1001911	electrospray ionization (positive)	reverse phase (C18)	V3_spores	not applicable	not applicable	not applicable	not applicable	not applicable	not applicable	not applicable	9/2/2022 12:00	United States of America	not applicable	not specified	not specified	not specified	MSV000090464_V3_spores	not applicable	not applicable	not applicable	Batrachochytrium salamandrivorans	V	3	spore	sample	False	True	V3C_liq.mzML	96	Mature	50% TGHL	7.5x10^6	False	True		1/27/2021	1/31/2021	nest 25cm^2 cell culture flask, non-TC	NA
MSV000090464	V3C_liq.mzML	culture_fungal	culture_fungal	1357716|Batrachochytrium salamandrivorans	2022	liquid	methanol-water (1:1)	sulfadimethoxine	Q Exactive|MS:1001911	electrospray ionization (positive)	reverse phase (C18)	V3C_liq	not applicable	not applicable	not applicable	not applicable	not applicable	not applicable	not applicable	9/2/2022 12:00	United States of America	not applicable	not specified	not specified	not specified	MSV000090464_V3C_liq	not applicable	not applicable	not applicable	Batrachochytrium salamandrivorans	V	3	liq	sample	True	False	V3_spores.mzML	96	Mature	50% TGHL	0	True	True		1/27/2021	1/31/2021	nest 25cm^2 cell culture flask, non-TC	NA
MSV000090464	W1_liq.mzML	culture_fungal	culture_fungal	1357716|Batrachochytrium salamandrivorans	2022	liquid	methanol-water (1:1)	sulfadimethoxine	Q Exactive|MS:1001911	electrospray ionization (positive)	reverse phase (C18)	W1_liq	not applicable	not applicable	not applicable	not applicable	not applicable	not applicable	not applicable	9/2/2022 12:00	United States of America	not applicable	not specified	not specified	not specified	MSV000090464_W1_liq	not applicable	not applicable	not applicable	Batrachochytrium salamandrivorans	W	1	liq	sample	False	False		8	Zoospore	50% TGHL	7.5x10^6	False	True		1/26/2021	1/26/2021	eppendorf 1.5mL	NA
MSV000090464	W1_spores.mzML	culture_fungal	culture_fungal	1357716|Batrachochytrium salamandrivorans	2022	solid material, dried	methanol-water (1:1)	sulfadimethoxine	Q Exactive|MS:1001911	electrospray ionization (positive)	reverse phase (C18)	W1_spores	not applicable	not applicable	not applicable	not applicable	not applicable	not applicable	not applicable	9/2/2022 12:00	United States of America	not applicable	not specified	not specified	not specified	MSV000090464_W1_spores	not applicable	not applicable	not applicable	Batrachochytrium salamandrivorans	W	1	spore	sample	False	True	W1C_liq.mzML	8	Zoospore	50% TGHL	7.5x10^6	False	True		1/26/2021	1/26/2021	eppendorf 1.5mL	NA
MSV000090464	W1C_liq.mzML	culture_fungal	culture_fungal	1357716|Batrachochytrium salamandrivorans	2022	liquid	methanol-water (1:1)	sulfadimethoxine	Q Exactive|MS:1001911	electrospray ionization (positive)	reverse phase (C18)	W1C_liq	not applicable	not applicable	not applicable	not applicable	not applicable	not applicable	not applicable	9/2/2022 12:00	United States of America	not applicable	not specified	not specified	not specified	MSV000090464_W1C_liq	not applicable	not applicable	not applicable	Batrachochytrium salamandrivorans	W	1	liq	sample	True	False	W1_spores.mzML	8	Zoospore	50% TGHL	0	True	True		1/26/2021	1/26/2021	eppendorf 1.5mL	NA
MSV000090464	W2_liq.mzML	culture_fungal	culture_fungal	1357716|Batrachochytrium salamandrivorans	2022	liquid	methanol-water (1:1)	sulfadimethoxine	Q Exactive|MS:1001911	electrospray ionization (positive)	reverse phase (C18)	W2_liq	not applicable	not applicable	not applicable	not applicable	not applicable	not applicable	not applicable	9/2/2022 12:00	United States of America	not applicable	not specified	not specified	not specified	MSV000090464_W2_liq	not applicable	not applicable	not applicable	Batrachochytrium salamandrivorans	W	2	liq	sample	False	False		48	Sporangium	50% TGHL	7.5x10^6	False	True		1/26/2021	1/28/2021	nest 25cm^2 cell culture flask, non-TC	NA
MSV000090464	W2_spores.mzML	culture_fungal	culture_fungal	1357716|Batrachochytrium salamandrivorans	2022	solid material, dried	methanol-water (1:1)	sulfadimethoxine	Q Exactive|MS:1001911	electrospray ionization (positive)	reverse phase (C18)	W2_spores	not applicable	not applicable	not applicable	not applicable	not applicable	not applicable	not applicable	9/2/2022 12:00	United States of America	not applicable	not specified	not specified	not specified	MSV000090464_W2_spores	not applicable	not applicable	not applicable	Batrachochytrium salamandrivorans	W	2	spore	sample	False	True	W2C_liq.mzML	48	Sporangium	50% TGHL	7.5x10^6	False	True		1/26/2021	1/28/2021	nest 25cm^2 cell culture flask, non-TC	NA
MSV000090464	W2C_liq.mzML	culture_fungal	culture_fungal	1357716|Batrachochytrium salamandrivorans	2022	liquid	methanol-water (1:1)	sulfadimethoxine	Q Exactive|MS:1001911	electrospray ionization (positive)	reverse phase (C18)	W2C_liq	not applicable	not applicable	not applicable	not applicable	not applicable	not applicable	not applicable	9/2/2022 12:00	United States of America	not applicable	not specified	not specified	not specified	MSV000090464_W2C_liq	not applicable	not applicable	not applicable	Batrachochytrium salamandrivorans	W	2	liq	sample	True	False	W2_spores.mzML	48	Sporangium	50% TGHL	0	True	True		1/26/2021	1/28/2021	nest 25cm^2 cell culture flask, non-TC	NA
MSV000090464	W3_liq.mzML	culture_fungal	culture_fungal	1357716|Batrachochytrium salamandrivorans	2022	liquid	methanol-water (1:1)	sulfadimethoxine	Q Exactive|MS:1001911	electrospray ionization (positive)	reverse phase (C18)	W3_liq	not applicable	not applicable	not applicable	not applicable	not applicable	not applicable	not applicable	9/2/2022 12:00	United States of America	not applicable	not specified	not specified	not specified	MSV000090464_W3_liq	not applicable	not applicable	not applicable	Batrachochytrium salamandrivorans	W	3	liq	sample	False	False		96	Mature	50% TGHL	7.5x10^6	False	True		1/26/2021	1/30/2021	nest 25cm^2 cell culture flask, non-TC	NA
MSV000090464	W3_spores.mzML	culture_fungal	culture_fungal	1357716|Batrachochytrium salamandrivorans	2022	solid material, dried	methanol-water (1:1)	sulfadimethoxine	Q Exactive|MS:1001911	electrospray ionization (positive)	reverse phase (C18)	W3_spores	not applicable	not applicable	not applicable	not applicable	not applicable	not applicable	not applicable	9/2/2022 12:00	United States of America	not applicable	not specified	not specified	not specified	MSV000090464_W3_spores	not applicable	not applicable	not applicable	Batrachochytrium salamandrivorans	W	3	spore	sample	False	True	W3C_liq.mzML	96	Mature	50% TGHL	7.5x10^6	False	True		1/26/2021	1/30/2021	nest 25cm^2 cell culture flask, non-TC	NA
MSV000090464	W3C_liq.mzML	culture_fungal	culture_fungal	1357716|Batrachochytrium salamandrivorans	2022	liquid	methanol-water (1:1)	sulfadimethoxine	Q Exactive|MS:1001911	electrospray ionization (positive)	reverse phase (C18)	W3C_liq	not applicable	not applicable	not applicable	not applicable	not applicable	not applicable	not applicable	9/2/2022 12:00	United States of America	not applicable	not specified	not specified	not specified	MSV000090464_W3C_liq	not applicable	not applicable	not applicable	Batrachochytrium salamandrivorans	W	3	liq	sample	True	False	W3_spores.mzML	96	Mature	50% TGHL	0	True	True		1/26/2021	1/30/2021	nest 25cm^2 cell culture flask, non-TC	NA
MSV000090464	X1_liq.mzML	culture_fungal	culture_fungal	1357716|Batrachochytrium salamandrivorans	2022	liquid	methanol-water (1:1)	sulfadimethoxine	Q Exactive|MS:1001911	electrospray ionization (positive)	reverse phase (C18)	X1_liq	not applicable	not applicable	not applicable	not applicable	not applicable	not applicable	not applicable	9/2/2022 12:00	United States of America	not applicable	not specified	not specified	not specified	MSV000090464_X1_liq	not applicable	not applicable	not applicable	Batrachochytrium salamandrivorans	X	1	liq	sample	False	False		8	Zoospore	50% TGHL	7.5x10^6	False	True		1/23/2021	1/23/2021	eppendorf 1.5mL	NA
MSV000090464	X1_spores.mzML	culture_fungal	culture_fungal	1357716|Batrachochytrium salamandrivorans	2022	solid material, dried	methanol-water (1:1)	sulfadimethoxine	Q Exactive|MS:1001911	electrospray ionization (positive)	reverse phase (C18)	X1_spores	not applicable	not applicable	not applicable	not applicable	not applicable	not applicable	not applicable	9/2/2022 12:00	United States of America	not applicable	not specified	not specified	not specified	MSV000090464_X1_spores	not applicable	not applicable	not applicable	Batrachochytrium salamandrivorans	X	1	spore	sample	False	True	X1C_liq.mzML	8	Zoospore	50% TGHL	7.5x10^6	False	True		1/23/2021	1/23/2021	eppendorf 1.5mL	NA
MSV000090464	X1C_liq.mzML	culture_fungal	culture_fungal	1357716|Batrachochytrium salamandrivorans	2022	liquid	methanol-water (1:1)	sulfadimethoxine	Q Exactive|MS:1001911	electrospray ionization (positive)	reverse phase (C18)	X1C_liq	not applicable	not applicable	not applicable	not applicable	not applicable	not applicable	not applicable	9/2/2022 12:00	United States of America	not applicable	not specified	not specified	not specified	MSV000090464_X1C_liq	not applicable	not applicable	not applicable	Batrachochytrium salamandrivorans	X	1	liq	sample	True	False	X1_spores.mzML	8	Zoospore	50% TGHL	0	True	True		1/23/2021	1/23/2021	eppendorf 1.5mL	NA
MSV000090464	X2_liq.mzML	culture_fungal	culture_fungal	1357716|Batrachochytrium salamandrivorans	2022	liquid	methanol-water (1:1)	sulfadimethoxine	Q Exactive|MS:1001911	electrospray ionization (positive)	reverse phase (C18)	X2_liq	not applicable	not applicable	not applicable	not applicable	not applicable	not applicable	not applicable	9/2/2022 12:00	United States of America	not applicable	not specified	not specified	not specified	MSV000090464_X2_liq	not applicable	not applicable	not applicable	Batrachochytrium salamandrivorans	X	2	liq	sample	False	False		48	Sporangium	50% TGHL	7.5x10^6	False	True		1/23/2021	1/25/2021	nest 25cm^2 cell culture flask, non-TC	NA
MSV000090464	X2_spores.mzML	culture_fungal	culture_fungal	1357716|Batrachochytrium salamandrivorans	2022	solid material, dried	methanol-water (1:1)	sulfadimethoxine	Q Exactive|MS:1001911	electrospray ionization (positive)	reverse phase (C18)	X2_spores	not applicable	not applicable	not applicable	not applicable	not applicable	not applicable	not applicable	9/2/2022 12:00	United States of America	not applicable	not specified	not specified	not specified	MSV000090464_X2_spores	not applicable	not applicable	not applicable	Batrachochytrium salamandrivorans	X	2	spore	sample	False	True	X2C_liq.mzML	48	Sporangium	50% TGHL	7.5x10^6	False	True		1/23/2021	1/25/2021	nest 25cm^2 cell culture flask, non-TC	NA
MSV000090464	X2C_liq.mzML	culture_fungal	culture_fungal	1357716|Batrachochytrium salamandrivorans	2022	liquid	methanol-water (1:1)	sulfadimethoxine	Q Exactive|MS:1001911	electrospray ionization (positive)	reverse phase (C18)	X2C_liq	not applicable	not applicable	not applicable	not applicable	not applicable	not applicable	not applicable	9/2/2022 12:00	United States of America	not applicable	not specified	not specified	not specified	MSV000090464_X2C_liq	not applicable	not applicable	not applicable	Batrachochytrium salamandrivorans	X	2	liq	sample	True	False	X2_spores.mzML	48	Sporangium	50% TGHL	0	True	True		1/23/2021	1/25/2021	nest 25cm^2 cell culture flask, non-TC	NA
MSV000090464	X3_liq.mzML	culture_fungal	culture_fungal	1357716|Batrachochytrium salamandrivorans	2022	liquid	methanol-water (1:1)	sulfadimethoxine	Q Exactive|MS:1001911	electrospray ionization (positive)	reverse phase (C18)	X3_liq	not applicable	not applicable	not applicable	not applicable	not applicable	not applicable	not applicable	9/2/2022 12:00	United States of America	not applicable	not specified	not specified	not specified	MSV000090464_X3_liq	not applicable	not applicable	not applicable	Batrachochytrium salamandrivorans	X	3	liq	sample	False	False		96	Mature	50% TGHL	7.5x10^6	False	True		1/23/2021	1/27/2021	nest 25cm^2 cell culture flask, non-TC	NA
MSV000090464	X3_spores.mzML	culture_fungal	culture_fungal	1357716|Batrachochytrium salamandrivorans	2022	solid material, dried	methanol-water (1:1)	sulfadimethoxine	Q Exactive|MS:1001911	electrospray ionization (positive)	reverse phase (C18)	X3_spores	not applicable	not applicable	not applicable	not applicable	not applicable	not applicable	not applicable	9/2/2022 12:00	United States of America	not applicable	not specified	not specified	not specified	MSV000090464_X3_spores	not applicable	not applicable	not applicable	Batrachochytrium salamandrivorans	X	3	spore	sample	False	True	X3C_liq.mzML	96	Mature	50% TGHL	7.5x10^6	False	True		1/23/2021	1/27/2021	nest 25cm^2 cell culture flask, non-TC	NA
MSV000090464	X3C_liq.mzML	culture_fungal	culture_fungal	1357716|Batrachochytrium salamandrivorans	2022	liquid	methanol-water (1:1)	sulfadimethoxine	Q Exactive|MS:1001911	electrospray ionization (positive)	reverse phase (C18)	X3C_liq	not applicable	not applicable	not applicable	not applicable	not applicable	not applicable	not applicable	9/2/2022 12:00	United States of America	not applicable	not specified	not specified	not specified	MSV000090464_X3C_liq	not applicable	not applicable	not applicable	Batrachochytrium salamandrivorans	X	3	liq	sample	True	False	X3_spores.mzML	96	Mature	50% TGHL	0	True	True		1/23/2021	1/27/2021	nest 25cm^2 cell culture flask, non-TC	NA
MSV000090464	Y1_liq.mzML	culture_fungal	culture_fungal	1357716|Batrachochytrium salamandrivorans	2022	liquid	methanol-water (1:1)	sulfadimethoxine	Q Exactive|MS:1001911	electrospray ionization (positive)	reverse phase (C18)	Y1_liq	not applicable	not applicable	not applicable	not applicable	not applicable	not applicable	not applicable	9/2/2022 12:00	United States of America	not applicable	not specified	not specified	not specified	MSV000090464_Y1_liq	not applicable	not applicable	not applicable	Batrachochytrium salamandrivorans	Y	1	liq	sample	False	False		8	Zoospore	50% TGHL	7.5x10^6	False	True		1/24/2021	1/24/2021	eppendorf 1.5mL	NA
MSV000090464	Y1_spores.mzML	culture_fungal	culture_fungal	1357716|Batrachochytrium salamandrivorans	2022	solid material, dried	methanol-water (1:1)	sulfadimethoxine	Q Exactive|MS:1001911	electrospray ionization (positive)	reverse phase (C18)	Y1_spores	not applicable	not applicable	not applicable	not applicable	not applicable	not applicable	not applicable	9/2/2022 12:00	United States of America	not applicable	not specified	not specified	not specified	MSV000090464_Y1_spores	not applicable	not applicable	not applicable	Batrachochytrium salamandrivorans	Y	1	spore	sample	False	True	Y1C_liq.mzML	8	Zoospore	50% TGHL	7.5x10^6	False	True		1/24/2021	1/24/2021	eppendorf 1.5mL	NA
MSV000090464	Y1C_liq.mzML	culture_fungal	culture_fungal	1357716|Batrachochytrium salamandrivorans	2022	liquid	methanol-water (1:1)	sulfadimethoxine	Q Exactive|MS:1001911	electrospray ionization (positive)	reverse phase (C18)	Y1C_liq	not applicable	not applicable	not applicable	not applicable	not applicable	not applicable	not applicable	9/2/2022 12:00	United States of America	not applicable	not specified	not specified	not specified	MSV000090464_Y1C_liq	not applicable	not applicable	not applicable	Batrachochytrium salamandrivorans	Y	1	liq	sample	True	False	Y1_spores.mzML	8	Zoospore	50% TGHL	0	True	True		1/24/2021	1/24/2021	eppendorf 1.5mL	NA
MSV000090464	Y2_liq.mzML	culture_fungal	culture_fungal	1357716|Batrachochytrium salamandrivorans	2022	liquid	methanol-water (1:1)	sulfadimethoxine	Q Exactive|MS:1001911	electrospray ionization (positive)	reverse phase (C18)	Y2_liq	not applicable	not applicable	not applicable	not applicable	not applicable	not applicable	not applicable	9/2/2022 12:00	United States of America	not applicable	not specified	not specified	not specified	MSV000090464_Y2_liq	not applicable	not applicable	not applicable	Batrachochytrium salamandrivorans	Y	2	liq	sample	False	False		48	Sporangium	50% TGHL	7.5x10^6	False	True		1/24/2021	1/26/2021	nest 25cm^2 cell culture flask, non-TC	NA
MSV000090464	Y2_spores.mzML	culture_fungal	culture_fungal	1357716|Batrachochytrium salamandrivorans	2022	solid material, dried	methanol-water (1:1)	sulfadimethoxine	Q Exactive|MS:1001911	electrospray ionization (positive)	reverse phase (C18)	Y2_spores	not applicable	not applicable	not applicable	not applicable	not applicable	not applicable	not applicable	9/2/2022 12:00	United States of America	not applicable	not specified	not specified	not specified	MSV000090464_Y2_spores	not applicable	not applicable	not applicable	Batrachochytrium salamandrivorans	Y	2	spore	sample	False	True	Y2C_liq.mzML	48	Sporangium	50% TGHL	7.5x10^6	False	True		1/24/2021	1/26/2021	nest 25cm^2 cell culture flask, non-TC	NA
MSV000090464	Y2C_liq.mzML	culture_fungal	culture_fungal	1357716|Batrachochytrium salamandrivorans	2022	liquid	methanol-water (1:1)	sulfadimethoxine	Q Exactive|MS:1001911	electrospray ionization (positive)	reverse phase (C18)	Y2C_liq	not applicable	not applicable	not applicable	not applicable	not applicable	not applicable	not applicable	9/2/2022 12:00	United States of America	not applicable	not specified	not specified	not specified	MSV000090464_Y2C_liq	not applicable	not applicable	not applicable	Batrachochytrium salamandrivorans	Y	2	liq	sample	True	False	Y2_spores.mzML	48	Sporangium	50% TGHL	0	True	True		1/24/2021	1/26/2021	nest 25cm^2 cell culture flask, non-TC	NA
MSV000090464	Y3_liq.mzML	culture_fungal	culture_fungal	1357716|Batrachochytrium salamandrivorans	2022	liquid	methanol-water (1:1)	sulfadimethoxine	Q Exactive|MS:1001911	electrospray ionization (positive)	reverse phase (C18)	Y3_liq	not applicable	not applicable	not applicable	not applicable	not applicable	not applicable	not applicable	9/2/2022 12:00	United States of America	not applicable	not specified	not specified	not specified	MSV000090464_Y3_liq	not applicable	not applicable	not applicable	Batrachochytrium salamandrivorans	Y	3	liq	sample	False	False		96	Mature	50% TGHL	7.5x10^6	False	True		1/24/2021	1/28/2021	nest 25cm^2 cell culture flask, non-TC	NA
MSV000090464	Y3_spores.mzML	culture_fungal	culture_fungal	1357716|Batrachochytrium salamandrivorans	2022	solid material, dried	methanol-water (1:1)	sulfadimethoxine	Q Exactive|MS:1001911	electrospray ionization (positive)	reverse phase (C18)	Y3_spores	not applicable	not applicable	not applicable	not applicable	not applicable	not applicable	not applicable	9/2/2022 12:00	United States of America	not applicable	not specified	not specified	not specified	MSV000090464_Y3_spores	not applicable	not applicable	not applicable	Batrachochytrium salamandrivorans	Y	3	spore	sample	False	True	Y3C_liq.mzML	96	Mature	50% TGHL	7.5x10^6	False	True		1/24/2021	1/28/2021	nest 25cm^2 cell culture flask, non-TC	NA
MSV000090464	Y3C_liq.mzML	culture_fungal	culture_fungal	1357716|Batrachochytrium salamandrivorans	2022	liquid	methanol-water (1:1)	sulfadimethoxine	Q Exactive|MS:1001911	electrospray ionization (positive)	reverse phase (C18)	Y3C_liq	not applicable	not applicable	not applicable	not applicable	not applicable	not applicable	not applicable	9/2/2022 12:00	United States of America	not applicable	not specified	not specified	not specified	MSV000090464_Y3C_liq	not applicable	not applicable	not applicable	Batrachochytrium salamandrivorans	Y	3	liq	sample	True	False	Y3_spores.mzML	96	Mature	50% TGHL	0	True	True		1/24/2021	1/28/2021	nest 25cm^2 cell culture flask, non-TC	NA
MSV000090464	Z1_liq.mzML	culture_fungal	culture_fungal	1357716|Batrachochytrium salamandrivorans	2022	liquid	methanol-water (1:1)	sulfadimethoxine	Q Exactive|MS:1001911	electrospray ionization (positive)	reverse phase (C18)	Z1_liq	not applicable	not applicable	not applicable	not applicable	not applicable	not applicable	not applicable	9/2/2022 12:00	United States of America	not applicable	not specified	not specified	not specified	MSV000090464_Z1_liq	not applicable	not applicable	not applicable	Batrachochytrium salamandrivorans	Z	1	liq	sample	False	False		8	Zoospore	50% TGHL	7.5x10^6	False	True		1/21/2021	1/21/2021	eppendorf 1.5mL	NA
MSV000090464	Z1_spores.mzML	culture_fungal	culture_fungal	1357716|Batrachochytrium salamandrivorans	2022	solid material, dried	methanol-water (1:1)	sulfadimethoxine	Q Exactive|MS:1001911	electrospray ionization (positive)	reverse phase (C18)	Z1_spores	not applicable	not applicable	not applicable	not applicable	not applicable	not applicable	not applicable	9/2/2022 12:00	United States of America	not applicable	not specified	not specified	not specified	MSV000090464_Z1_spores	not applicable	not applicable	not applicable	Batrachochytrium salamandrivorans	Z	1	spore	sample	False	True	Z1C_liq.mzML	8	Zoospore	50% TGHL	7.5x10^6	False	True		1/21/2021	1/21/2021	eppendorf 1.5mL	NA
MSV000090464	Z1C_liq.mzML	culture_fungal	culture_fungal	1357716|Batrachochytrium salamandrivorans	2022	liquid	methanol-water (1:1)	sulfadimethoxine	Q Exactive|MS:1001911	electrospray ionization (positive)	reverse phase (C18)	Z1C_liq	not applicable	not applicable	not applicable	not applicable	not applicable	not applicable	not applicable	9/2/2022 12:00	United States of America	not applicable	not specified	not specified	not specified	MSV000090464_Z1C_liq	not applicable	not applicable	not applicable	Batrachochytrium salamandrivorans	Z	1	liq	sample	True	False	Z1_spores.mzML	8	Zoospore	50% TGHL	0	True	True		1/21/2021	1/21/2021	eppendorf 1.5mL	NA
MSV000090464	Z2_liq.mzML	culture_fungal	culture_fungal	1357716|Batrachochytrium salamandrivorans	2022	liquid	methanol-water (1:1)	sulfadimethoxine	Q Exactive|MS:1001911	electrospray ionization (positive)	reverse phase (C18)	Z2_liq	not applicable	not applicable	not applicable	not applicable	not applicable	not applicable	not applicable	9/2/2022 12:00	United States of America	not applicable	not specified	not specified	not specified	MSV000090464_Z2_liq	not applicable	not applicable	not applicable	Batrachochytrium salamandrivorans	Z	2	liq	sample	False	False		48	Sporangium	50% TGHL	7.5x10^6	False	True		1/21/2021	1/23/2021	nest 25cm^2 cell culture flask, non-TC	NA
MSV000090464	Z2_spores.mzML	culture_fungal	culture_fungal	1357716|Batrachochytrium salamandrivorans	2022	solid material, dried	methanol-water (1:1)	sulfadimethoxine	Q Exactive|MS:1001911	electrospray ionization (positive)	reverse phase (C18)	Z2_spores	not applicable	not applicable	not applicable	not applicable	not applicable	not applicable	not applicable	9/2/2022 12:00	United States of America	not applicable	not specified	not specified	not specified	MSV000090464_Z2_spores	not applicable	not applicable	not applicable	Batrachochytrium salamandrivorans	Z	2	spore	sample	False	True	Z2C_liq.mzML	48	Sporangium	50% TGHL	7.5x10^6	False	True		1/21/2021	1/23/2021	nest 25cm^2 cell culture flask, non-TC	NA
MSV000090464	Z2C_liq.mzML	culture_fungal	culture_fungal	1357716|Batrachochytrium salamandrivorans	2022	liquid	methanol-water (1:1)	sulfadimethoxine	Q Exactive|MS:1001911	electrospray ionization (positive)	reverse phase (C18)	Z2C_liq	not applicable	not applicable	not applicable	not applicable	not applicable	not applicable	not applicable	9/2/2022 12:00	United States of America	not applicable	not specified	not specified	not specified	MSV000090464_Z2C_liq	not applicable	not applicable	not applicable	Batrachochytrium salamandrivorans	Z	2	liq	sample	True	False	Z2_spores.mzML	48	Sporangium	50% TGHL	0	True	True		1/21/2021	1/23/2021	nest 25cm^2 cell culture flask, non-TC	NA
MSV000090464	Z3_liq.mzML	culture_fungal	culture_fungal	1357716|Batrachochytrium salamandrivorans	2022	liquid	methanol-water (1:1)	sulfadimethoxine	Q Exactive|MS:1001911	electrospray ionization (positive)	reverse phase (C18)	Z3_liq	not applicable	not applicable	not applicable	not applicable	not applicable	not applicable	not applicable	9/2/2022 12:00	United States of America	not applicable	not specified	not specified	not specified	MSV000090464_Z3_liq	not applicable	not applicable	not applicable	Batrachochytrium salamandrivorans	Z	3	liq	sample	False	False		96	Mature	50% TGHL	7.5x10^6	False	True		1/21/2021	1/25/2021	nest 25cm^2 cell culture flask, non-TC	NA
MSV000090464	Z3_spores.mzML	culture_fungal	culture_fungal	1357716|Batrachochytrium salamandrivorans	2022	solid material, dried	methanol-water (1:1)	sulfadimethoxine	Q Exactive|MS:1001911	electrospray ionization (positive)	reverse phase (C18)	Z3_spores	not applicable	not applicable	not applicable	not applicable	not applicable	not applicable	not applicable	9/2/2022 12:00	United States of America	not applicable	not specified	not specified	not specified	MSV000090464_Z3_spores	not applicable	not applicable	not applicable	Batrachochytrium salamandrivorans	Z	3	spore	sample	False	True	Z3C_liq.mzML	96	Mature	50% TGHL	7.5x10^6	False	True		1/21/2021	1/25/2021	nest 25cm^2 cell culture flask, non-TC	NA
MSV000090464	Z3C_liq.mzML	culture_fungal	culture_fungal	1357716|Batrachochytrium salamandrivorans	2022	liquid	methanol-water (1:1)	sulfadimethoxine	Q Exactive|MS:1001911	electrospray ionization (positive)	reverse phase (C18)	Z3C_liq	not applicable	not applicable	not applicable	not applicable	not applicable	not applicable	not applicable	9/2/2022 12:00	United States of America	not applicable	not specified	not specified	not specified	MSV000090464_Z3C_liq	not applicable	not applicable	not applicable	Batrachochytrium salamandrivorans	Z	3	liq	sample	True	False	Z3_spores.mzML	96	Mature	50% TGHL	0	True	True		1/21/2021	1/25/2021	nest 25cm^2 cell culture flask, non-TC	NA
MSV000090464	IS_0.mzML	blank_analysis	blank_analysis	not applicable	2022	not applicable	methanol-water (1:1)	sulfadimethoxine	Q Exactive|MS:1001911	electrospray ionization (positive)	reverse phase (C18)	IS_0	not applicable	not applicable	not applicable	not applicable	not applicable	not applicable	not applicable	9/2/2022 12:00	United States of America	not applicable	not applicable	not applicable	not applicable	MSV000090464_IS_0	not applicable	not applicable	not applicable	not applicable	IS		other	IS	False	False			NA	NA	NA	False	False	QC/IS sample - not a biological sample for condition comparison	NA	NA	NA	NA
MSV000090464	IS_1.mzML	blank_analysis	blank_analysis	not applicable	2022	not applicable	methanol-water (1:1)	sulfadimethoxine	Q Exactive|MS:1001911	electrospray ionization (positive)	reverse phase (C18)	IS_1	not applicable	not applicable	not applicable	not applicable	not applicable	not applicable	not applicable	9/2/2022 12:00	United States of America	not applicable	not applicable	not applicable	not applicable	MSV000090464_IS_1	not applicable	not applicable	not applicable	not applicable	IS		other	IS	False	False			NA	NA	NA	False	False	QC/IS sample - not a biological sample for condition comparison	NA	NA	NA	NA
MSV000090464	IS_2.mzML	blank_analysis	blank_analysis	not applicable	2022	not applicable	methanol-water (1:1)	sulfadimethoxine	Q Exactive|MS:1001911	electrospray ionization (positive)	reverse phase (C18)	IS_2	not applicable	not applicable	not applicable	not applicable	not applicable	not applicable	not applicable	9/2/2022 12:00	United States of America	not applicable	not applicable	not applicable	not applicable	MSV000090464_IS_2	not applicable	not applicable	not applicable	not applicable	IS		other	IS	False	False			NA	NA	NA	False	False	QC/IS sample - not a biological sample for condition comparison	NA	NA	NA	NA
MSV000090464	IS_3.mzML	blank_analysis	blank_analysis	not applicable	2022	not applicable	methanol-water (1:1)	sulfadimethoxine	Q Exactive|MS:1001911	electrospray ionization (positive)	reverse phase (C18)	IS_3	not applicable	not applicable	not applicable	not applicable	not applicable	not applicable	not applicable	9/2/2022 12:00	United States of America	not applicable	not applicable	not applicable	not applicable	MSV000090464_IS_3	not applicable	not applicable	not applicable	not applicable	IS		other	IS	False	False			NA	NA	NA	False	False	QC/IS sample - not a biological sample for condition comparison	NA	NA	NA	NA
MSV000090464	IS_4.mzML	blank_analysis	blank_analysis	not applicable	2022	not applicable	methanol-water (1:1)	sulfadimethoxine	Q Exactive|MS:1001911	electrospray ionization (positive)	reverse phase (C18)	IS_4	not applicable	not applicable	not applicable	not applicable	not applicable	not applicable	not applicable	9/2/2022 12:00	United States of America	not applicable	not applicable	not applicable	not applicable	MSV000090464_IS_4	not applicable	not applicable	not applicable	not applicable	IS		other	IS	False	False			NA	NA	NA	False	False	QC/IS sample - not a biological sample for condition comparison	NA	NA	NA	NA
MSV000090464	IS_5.mzML	blank_analysis	blank_analysis	not applicable	2022	not applicable	methanol-water (1:1)	sulfadimethoxine	Q Exactive|MS:1001911	electrospray ionization (positive)	reverse phase (C18)	IS_5	not applicable	not applicable	not applicable	not applicable	not applicable	not applicable	not applicable	9/2/2022 12:00	United States of America	not applicable	not applicable	not applicable	not applicable	MSV000090464_IS_5	not applicable	not applicable	not applicable	not applicable	IS		other	IS	False	False			NA	NA	NA	False	False	QC/IS sample - not a biological sample for condition comparison	NA	NA	NA	NA
MSV000090464	IS_6.mzML	blank_analysis	blank_analysis	not applicable	2022	not applicable	methanol-water (1:1)	sulfadimethoxine	Q Exactive|MS:1001911	electrospray ionization (positive)	reverse phase (C18)	IS_6	not applicable	not applicable	not applicable	not applicable	not applicable	not applicable	not applicable	9/2/2022 12:00	United States of America	not applicable	not applicable	not applicable	not applicable	MSV000090464_IS_6	not applicable	not applicable	not applicable	not applicable	IS		other	IS	False	False			NA	NA	NA	False	False	QC/IS sample - not a biological sample for condition comparison	NA	NA	NA	NA
MSV000090464	IS_7.mzML	blank_analysis	blank_analysis	not applicable	2022	not applicable	methanol-water (1:1)	sulfadimethoxine	Q Exactive|MS:1001911	electrospray ionization (positive)	reverse phase (C18)	IS_7	not applicable	not applicable	not applicable	not applicable	not applicable	not applicable	not applicable	9/2/2022 12:00	United States of America	not applicable	not applicable	not applicable	not applicable	MSV000090464_IS_7	not applicable	not applicable	not applicable	not applicable	IS		other	IS	False	False			NA	NA	NA	False	False	QC/IS sample - not a biological sample for condition comparison	NA	NA	NA	NA
MSV000090464	IS_8.mzML	blank_analysis	blank_analysis	not applicable	2022	not applicable	methanol-water (1:1)	sulfadimethoxine	Q Exactive|MS:1001911	electrospray ionization (positive)	reverse phase (C18)	IS_8	not applicable	not applicable	not applicable	not applicable	not applicable	not applicable	not applicable	9/2/2022 12:00	United States of America	not applicable	not applicable	not applicable	not applicable	MSV000090464_IS_8	not applicable	not applicable	not applicable	not applicable	IS		other	IS	False	False			NA	NA	NA	False	False	QC/IS sample - not a biological sample for condition comparison	NA	NA	NA	NA
MSV000090464	IS_9.mzML	blank_analysis	blank_analysis	not applicable	2022	not applicable	methanol-water (1:1)	sulfadimethoxine	Q Exactive|MS:1001911	electrospray ionization (positive)	reverse phase (C18)	IS_9	not applicable	not applicable	not applicable	not applicable	not applicable	not applicable	not applicable	9/2/2022 12:00	United States of America	not applicable	not applicable	not applicable	not applicable	MSV000090464_IS_9	not applicable	not applicable	not applicable	not applicable	IS		other	IS	False	False			NA	NA	NA	False	False	QC/IS sample - not a biological sample for condition comparison	NA	NA	NA	NA
MSV000090464	IS_10.mzML	blank_analysis	blank_analysis	not applicable	2022	not applicable	methanol-water (1:1)	sulfadimethoxine	Q Exactive|MS:1001911	electrospray ionization (positive)	reverse phase (C18)	IS_10	not applicable	not applicable	not applicable	not applicable	not applicable	not applicable	not applicable	9/2/2022 12:00	United States of America	not applicable	not applicable	not applicable	not applicable	MSV000090464_IS_10	not applicable	not applicable	not applicable	not applicable	IS		other	IS	False	False			NA	NA	NA	False	False	QC/IS sample - not a biological sample for condition comparison	NA	NA	NA	NA
MSV000090464	IS_11.mzML	blank_analysis	blank_analysis	not applicable	2022	not applicable	methanol-water (1:1)	sulfadimethoxine	Q Exactive|MS:1001911	electrospray ionization (positive)	reverse phase (C18)	IS_11	not applicable	not applicable	not applicable	not applicable	not applicable	not applicable	not applicable	9/2/2022 12:00	United States of America	not applicable	not applicable	not applicable	not applicable	MSV000090464_IS_11	not applicable	not applicable	not applicable	not applicable	IS		other	IS	False	False			NA	NA	NA	False	False	QC/IS sample - not a biological sample for condition comparison	NA	NA	NA	NA
MSV000090464	QC_0.mzML	blank_QC	blank_QC	not applicable	2022	not applicable	methanol-water (1:1)	sulfamethizole;sulfachloropyridazine;sulfadimethoxine;sulfamethazine;coumarin-314;amitryptiline	Q Exactive|MS:1001911	electrospray ionization (positive)	reverse phase (C18)	QC_0	not applicable	not applicable	not applicable	not applicable	not applicable	not applicable	not applicable	9/2/2022 12:00	United States of America	not applicable	not applicable	not applicable	not applicable	MSV000090464_QC_0	not applicable	not applicable	not applicable	not applicable	QC		other	QC	False	False			NA	NA	NA	False	False	QC/IS sample - not a biological sample for condition comparison	NA	NA	NA	NA
MSV000090464	QC_1.mzML	blank_QC	blank_QC	not applicable	2022	not applicable	methanol-water (1:1)	sulfamethizole;sulfachloropyridazine;sulfadimethoxine;sulfamethazine;coumarin-314;amitryptiline	Q Exactive|MS:1001911	electrospray ionization (positive)	reverse phase (C18)	QC_1	not applicable	not applicable	not applicable	not applicable	not applicable	not applicable	not applicable	9/2/2022 12:00	United States of America	not applicable	not applicable	not applicable	not applicable	MSV000090464_QC_1	not applicable	not applicable	not applicable	not applicable	QC		other	QC	False	False			NA	NA	NA	False	False	QC/IS sample - not a biological sample for condition comparison	NA	NA	NA	NA
MSV000090464	QC_2.mzML	blank_QC	blank_QC	not applicable	2022	not applicable	methanol-water (1:1)	sulfamethizole;sulfachloropyridazine;sulfadimethoxine;sulfamethazine;coumarin-314;amitryptiline	Q Exactive|MS:1001911	electrospray ionization (positive)	reverse phase (C18)	QC_2	not applicable	not applicable	not applicable	not applicable	not applicable	not applicable	not applicable	9/2/2022 12:00	United States of America	not applicable	not applicable	not applicable	not applicable	MSV000090464_QC_2	not applicable	not applicable	not applicable	not applicable	QC		other	QC	False	False			NA	NA	NA	False	False	QC/IS sample - not a biological sample for condition comparison	NA	NA	NA	NA
MSV000090464	QC_3.mzML	blank_QC	blank_QC	not applicable	2022	not applicable	methanol-water (1:1)	sulfamethizole;sulfachloropyridazine;sulfadimethoxine;sulfamethazine;coumarin-314;amitryptiline	Q Exactive|MS:1001911	electrospray ionization (positive)	reverse phase (C18)	QC_3	not applicable	not applicable	not applicable	not applicable	not applicable	not applicable	not applicable	9/2/2022 12:00	United States of America	not applicable	not applicable	not applicable	not applicable	MSV000090464_QC_3	not applicable	not applicable	not applicable	not applicable	QC		other	QC	False	False			NA	NA	NA	False	False	QC/IS sample - not a biological sample for condition comparison	NA	NA	NA	NA
MSV000090464	QC_4.mzML	blank_QC	blank_QC	not applicable	2022	not applicable	methanol-water (1:1)	sulfamethizole;sulfachloropyridazine;sulfadimethoxine;sulfamethazine;coumarin-314;amitryptiline	Q Exactive|MS:1001911	electrospray ionization (positive)	reverse phase (C18)	QC_4	not applicable	not applicable	not applicable	not applicable	not applicable	not applicable	not applicable	9/2/2022 12:00	United States of America	not applicable	not applicable	not applicable	not applicable	MSV000090464_QC_4	not applicable	not applicable	not applicable	not applicable	QC		other	QC	False	False			NA	NA	NA	False	False	QC/IS sample - not a biological sample for condition comparison	NA	NA	NA	NA
MSV000090464	QC_5.mzML	blank_QC	blank_QC	not applicable	2022	not applicable	methanol-water (1:1)	sulfamethizole;sulfachloropyridazine;sulfadimethoxine;sulfamethazine;coumarin-314;amitryptiline	Q Exactive|MS:1001911	electrospray ionization (positive)	reverse phase (C18)	QC_5	not applicable	not applicable	not applicable	not applicable	not applicable	not applicable	not applicable	9/2/2022 12:00	United States of America	not applicable	not applicable	not applicable	not applicable	MSV000090464_QC_5	not applicable	not applicable	not applicable	not applicable	QC		other	QC	False	False			NA	NA	NA	False	False	QC/IS sample - not a biological sample for condition comparison	NA	NA	NA	NA
MSV000090464	QC_6.mzML	blank_QC	blank_QC	not applicable	2022	not applicable	methanol-water (1:1)	sulfamethizole;sulfachloropyridazine;sulfadimethoxine;sulfamethazine;coumarin-314;amitryptiline	Q Exactive|MS:1001911	electrospray ionization (positive)	reverse phase (C18)	QC_6	not applicable	not applicable	not applicable	not applicable	not applicable	not applicable	not applicable	9/2/2022 12:00	United States of America	not applicable	not applicable	not applicable	not applicable	MSV000090464_QC_6	not applicable	not applicable	not applicable	not applicable	QC		other	QC	False	False			NA	NA	NA	False	False	QC/IS sample - not a biological sample for condition comparison	NA	NA	NA	NA
MSV000090464	QC_7.mzML	blank_QC	blank_QC	not applicable	2022	not applicable	methanol-water (1:1)	sulfamethizole;sulfachloropyridazine;sulfadimethoxine;sulfamethazine;coumarin-314;amitryptiline	Q Exactive|MS:1001911	electrospray ionization (positive)	reverse phase (C18)	QC_7	not applicable	not applicable	not applicable	not applicable	not applicable	not applicable	not applicable	9/2/2022 12:00	United States of America	not applicable	not applicable	not applicable	not applicable	MSV000090464_QC_7	not applicable	not applicable	not applicable	not applicable	QC		other	QC	False	False			NA	NA	NA	False	False	QC/IS sample - not a biological sample for condition comparison	NA	NA	NA	NA
MSV000090464	QC_8.mzML	blank_QC	blank_QC	not applicable	2022	not applicable	methanol-water (1:1)	sulfamethizole;sulfachloropyridazine;sulfadimethoxine;sulfamethazine;coumarin-314;amitryptiline	Q Exactive|MS:1001911	electrospray ionization (positive)	reverse phase (C18)	QC_8	not applicable	not applicable	not applicable	not applicable	not applicable	not applicable	not applicable	9/2/2022 12:00	United States of America	not applicable	not applicable	not applicable	not applicable	MSV000090464_QC_8	not applicable	not applicable	not applicable	not applicable	QC		other	QC	False	False			NA	NA	NA	False	False	QC/IS sample - not a biological sample for condition comparison	NA	NA	NA	NA
MSV000090464	QC_9.mzML	blank_QC	blank_QC	not applicable	2022	not applicable	methanol-water (1:1)	sulfamethizole;sulfachloropyridazine;sulfadimethoxine;sulfamethazine;coumarin-314;amitryptiline	Q Exactive|MS:1001911	electrospray ionization (positive)	reverse phase (C18)	QC_9	not applicable	not applicable	not applicable	not applicable	not applicable	not applicable	not applicable	9/2/2022 12:00	United States of America	not applicable	not applicable	not applicable	not applicable	MSV000090464_QC_9	not applicable	not applicable	not applicable	not applicable	QC		other	QC	False	False			NA	NA	NA	False	False	QC/IS sample - not a biological sample for condition comparison	NA	NA	NA	NA
MSV000090464	QC_10.mzML	blank_QC	blank_QC	not applicable	2022	not applicable	methanol-water (1:1)	sulfamethizole;sulfachloropyridazine;sulfadimethoxine;sulfamethazine;coumarin-314;amitryptiline	Q Exactive|MS:1001911	electrospray ionization (positive)	reverse phase (C18)	QC_10	not applicable	not applicable	not applicable	not applicable	not applicable	not applicable	not applicable	9/2/2022 12:00	United States of America	not applicable	not applicable	not applicable	not applicable	MSV000090464_QC_10	not applicable	not applicable	not applicable	not applicable	QC		other	QC	False	False			NA	NA	NA	False	False	QC/IS sample - not a biological sample for condition comparison	NA	NA	NA	NA
MSV000090464	QC_11.mzML	blank_QC	blank_QC	not applicable	2022	not applicable	methanol-water (1:1)	sulfamethizole;sulfachloropyridazine;sulfadimethoxine;sulfamethazine;coumarin-314;amitryptiline	Q Exactive|MS:1001911	electrospray ionization (positive)	reverse phase (C18)	QC_11	not applicable	not applicable	not applicable	not applicable	not applicable	not applicable	not applicable	9/2/2022 12:00	United States of America	not applicable	not applicable	not applicable	not applicable	MSV000090464_QC_11	not applicable	not applicable	not applicable	not applicable	QC		other	QC	False	False			NA	NA	NA	False	False	QC/IS sample - not a biological sample for condition comparison	NA	NA	NA	NA
