sample_id,species,matrix,life_stage,condition,plate,replicate,is_C_companion,has_C_companion,companion_of,timepoint_hrs
A1_liq,Batrachochytrium dendrobatidis,liq,Zoospore,liq_Zoospore,A,1.0,False,False,,8.0
A1_spore,Batrachochytrium dendrobatidis,spore,Zoospore,spore_Zoospore,A,1.0,False,True,A1C_liq.mzML,8.0
A1C_liq,Batrachochytrium dendrobatidis,liq,Zoospore,liq_Zoospore,A,1.0,True,False,A1_spore.mzML,8.0
A2_liq,Batrachochytrium dendrobatidis,liq,Sporangium,liq_Sporangium,A,2.0,False,False,,48.0
A2_spore,Batrachochytrium dendrobatidis,spore,Sporangium,spore_Sporangium,A,2.0,False,True,A2C_liq.mzML,48.0
A2C_liq,Batrachochytrium dendrobatidis,liq,Sporangium,liq_Sporangium,A,2.0,True,False,A2_spore.mzML,48.0
A3_liq,Batrachochytrium dendrobatidis,liq,Mature,liq_Mature,A,3.0,False,False,,96.0
A3_spore,Batrachochytrium dendrobatidis,spore,Mature,spore_Mature,A,3.0,False,True,A3C_liq.mzML,96.0
A3C_liq,Batrachochytrium dendrobatidis,liq,Mature,liq_Mature,A,3.0,True,False,A3_spore.mzML,96.0
C1_liq,Batrachochytrium dendrobatidis,liq,Zoospore,liq_Zoospore,C,1.0,False,False,,8.0
C1_spore,Batrachochytrium dendrobatidis,spore,Zoospore,spore_Zoospore,C,1.0,False,True,C1C_liq.mzML,8.0
C1C_liq,Batrachochytrium dendrobatidis,liq,Zoospore,liq_Zoospore,C,1.0,True,False,C1_spore.mzML,8.0
C2_liq,Batrachochytrium dendrobatidis,liq,Sporangium,liq_Sporangium,C,2.0,False,False,,48.0
C2_spore,Batrachochytrium dendrobatidis,spore,Sporangium,spore_Sporangium,C,2.0,False,True,C2C_liq.mzML,48.0
C2C_liq,Batrachochytrium dendrobatidis,liq,Sporangium,liq_Sporangium,C,2.0,True,False,C2_spore.mzML,48.0
C3_liq,Batrachochytrium dendrobatidis,liq,Mature,liq_Mature,C,3.0,False,False,,96.0
C3_spore,Batrachochytrium dendrobatidis,spore,Mature,spore_Mature,C,3.0,False,True,C3C_liq.mzML,96.0
C3C_liq,Batrachochytrium dendrobatidis,liq,Mature,liq_Mature,C,3.0,True,False,C3_spore.mzML,96.0
D1_liq,Batrachochytrium dendrobatidis,liq,Zoospore,liq_Zoospore,D,1.0,False,False,,8.0
D1_spore,Batrachochytrium dendrobatidis,spore,Zoospore,spore_Zoospore,D,1.0,False,True,D1C_liq.mzML,8.0
D1C_liq,Batrachochytrium dendrobatidis,liq,Zoospore,liq_Zoospore,D,1.0,True,False,D1_spore.mzML,8.0
D3_liq,Batrachochytrium dendrobatidis,liq,Sporangium,liq_Sporangium,D,3.0,False,False,,48.0
D3_spore,Batrachochytrium dendrobatidis,spore,Sporangium,spore_Sporangium,D,3.0,False,True,D3C_liq.mzML,48.0
D3C_liq,Batrachochytrium dendrobatidis,liq,Sporangium,liq_Sporangium,D,3.0,True,False,D3_spore.mzML,48.0
D4_liq,Batrachochytrium dendrobatidis,liq,Mature,liq_Mature,D,4.0,False,False,,96.0
D4_spore,Batrachochytrium dendrobatidis,spore,Mature,spore_Mature,D,4.0,False,True,D4C_liq.mzML,96.0
D4C_liq,Batrachochytrium dendrobatidis,liq,Mature,liq_Mature,D,4.0,True,False,D4_spore.mzML,96.0
E1_liq,Batrachochytrium dendrobatidis,liq,Zoospore,liq_Zoospore,E,1.0,False,False,,8.0
E1_spore,Batrachochytrium dendrobatidis,spore,Zoospore,spore_Zoospore,E,1.0,False,True,E1C_liq.mzML,8.0
E1C_liq,Batrachochytrium dendrobatidis,liq,Zoospore,liq_Zoospore,E,1.0,True,False,E1_spore.mzML,8.0
E2_liq,Batrachochytrium dendrobatidis,liq,Sporangium,liq_Sporangium,E,2.0,False,False,,48.0
E2_spore,Batrachochytrium dendrobatidis,spore,Sporangium,spore_Sporangium,E,2.0,False,True,E2C_liq.mzML,48.0
E2C_liq,Batrachochytrium dendrobatidis,liq,Sporangium,liq_Sporangium,E,2.0,True,False,E2_spore.mzML,48.0
E3_liq,Batrachochytrium dendrobatidis,liq,Mature,liq_Mature,E,3.0,False,False,,96.0
E3_spore,Batrachochytrium dendrobatidis,spore,Mature,spore_Mature,E,3.0,False,True,E3C_liq.mzML,96.0
E3C_liq,Batrachochytrium dendrobatidis,liq,Mature,liq_Mature,E,3.0,True,False,E3_spore.mzML,96.0
F1_liq,Batrachochytrium dendrobatidis,liq,Zoospore,liq_Zoospore,F,1.0,False,False,,8.0
F1_spore,Batrachochytrium dendrobatidis,spore,Zoospore,spore_Zoospore,F,1.0,False,True,F1C_liq.mzML,8.0
F1C_liq,Batrachochytrium dendrobatidis,liq,Zoospore,liq_Zoospore,F,1.0,True,False,F1_spore.mzML,8.0
F2_liq,Batrachochytrium dendrobatidis,liq,Sporangium,liq_Sporangium,F,2.0,False,False,,48.0
F2_spore,Batrachochytrium dendrobatidis,spore,Sporangium,spore_Sporangium,F,2.0,False,True,F2C_liq.mzML,48.0
F2C_liq,Batrachochytrium dendrobatidis,liq,Sporangium,liq_Sporangium,F,2.0,True,False,F2_spore.mzML,48.0
F3_liq,Batrachochytrium dendrobatidis,liq,Mature,liq_Mature,F,3.0,False,False,,96.0
F3_spore,Batrachochytrium dendrobatidis,spore,Mature,spore_Mature,F,3.0,False,True,F3C_liq.mzML,96.0
F3C_liq,Batrachochytrium dendrobatidis,liq,Mature,liq_Mature,F,3.0,True,False,F3_spore.mzML,96.0
V1_liq,Batrachochytrium salamandrivorans,liq,Zoospore,liq_Zoospore,V,1.0,False,False,,8.0
V1_spores,Batrachochytrium salamandrivorans,spore,Zoospore,spore_Zoospore,V,1.0,False,True,V1C_liq.mzML,8.0
V1C_liq,Batrachochytrium salamandrivorans,liq,Zoospore,liq_Zoospore,V,1.0,True,False,V1_spores.mzML,8.0
V2_liq,Batrachochytrium salamandrivorans,liq,Sporangium,liq_Sporangium,V,2.0,False,False,,48.0
V2_spores,Batrachochytrium salamandrivorans,spore,Sporangium,spore_Sporangium,V,2.0,False,True,V2C_liq.mzML,48.0
V2C_liq,Batrachochytrium salamandrivorans,liq,Sporangium,liq_Sporangium,V,2.0,True,False,V2_spores.mzML,48.0
V3_liq,Batrachochytrium salamandrivorans,liq,Mature,liq_Mature,V,3.0,False,False,,96.0
V3_spores,Batrachochytrium salamandrivorans,spore,Mature,spore_Mature,V,3.0,False,True,V3C_liq.mzML,96.0
V3C_liq,Batrachochytrium salamandrivorans,liq,Mature,liq_Mature,V,3.0,True,False,V3_spores.mzML,96.0
W1_liq,Batrachochytrium salamandrivorans,liq,Zoospore,liq_Zoospore,W,1.0,False,False,,8.0
W1_spores,Batrachochytrium salamandrivorans,spore,Zoospore,spore_Zoospore,W,1.0,False,True,W1C_liq.mzML,8.0
W1C_liq,Batrachochytrium salamandrivorans,liq,Zoospore,liq_Zoospore,W,1.0,True,False,W1_spores.mzML,8.0
W2_liq,Batrachochytrium salamandrivorans,liq,Sporangium,liq_Sporangium,W,2.0,False,False,,48.0
W2_spores,Batrachochytrium salamandrivorans,spore,Sporangium,spore_Sporangium,W,2.0,False,True,W2C_liq.mzML,48.0
W2C_liq,Batrachochytrium salamandrivorans,liq,Sporangium,liq_Sporangium,W,2.0,True,False,W2_spores.mzML,48.0
W3_liq,Batrachochytrium salamandrivorans,liq,Mature,liq_Mature,W,3.0,False,False,,96.0
W3_spores,Batrachochytrium salamandrivorans,spore,Mature,spore_Mature,W,3.0,False,True,W3C_liq.mzML,96.0
W3C_liq,Batrachochytrium salamandrivorans,liq,Mature,liq_Mature,W,3.0,True,False,W3_spores.mzML,96.0
X1_liq,Batrachochytrium salamandrivorans,liq,Zoospore,liq_Zoospore,X,1.0,False,False,,8.0
X1_spores,Batrachochytrium salamandrivorans,spore,Zoospore,spore_Zoospore,X,1.0,False,True,X1C_liq.mzML,8.0
X1C_liq,Batrachochytrium salamandrivorans,liq,Zoospore,liq_Zoospore,X,1.0,True,False,X1_spores.mzML,8.0
X2_liq,Batrachochytrium salamandrivorans,liq,Sporangium,liq_Sporangium,X,2.0,False,False,,48.0
X2_spores,Batrachochytrium salamandrivorans,spore,Sporangium,spore_Sporangium,X,2.0,False,True,X2C_liq.mzML,48.0
X2C_liq,Batrachochytrium salamandrivorans,liq,Sporangium,liq_Sporangium,X,2.0,True,False,X2_spores.mzML,48.0
X3_liq,Batrachochytrium salamandrivorans,liq,Mature,liq_Mature,X,3.0,False,False,,96.0
X3_spores,Batrachochytrium salamandrivorans,spore,Mature,spore_Mature,X,3.0,False,True,X3C_liq.mzML,96.0
X3C_liq,Batrachochytrium salamandrivorans,liq,Mature,liq_Mature,X,3.0,True,False,X3_spores.mzML,96.0
Y1_liq,Batrachochytrium salamandrivorans,liq,Zoospore,liq_Zoospore,Y,1.0,False,False,,8.0
Y1_spores,Batrachochytrium salamandrivorans,spore,Zoospore,spore_Zoospore,Y,1.0,False,True,Y1C_liq.mzML,8.0
Y1C_liq,Batrachochytrium salamandrivorans,liq,Zoospore,liq_Zoospore,Y,1.0,True,False,Y1_spores.mzML,8.0
Y2_liq,Batrachochytrium salamandrivorans,liq,Sporangium,liq_Sporangium,Y,2.0,False,False,,48.0
Y2_spores,Batrachochytrium salamandrivorans,spore,Sporangium,spore_Sporangium,Y,2.0,False,True,Y2C_liq.mzML,48.0
Y2C_liq,Batrachochytrium salamandrivorans,liq,Sporangium,liq_Sporangium,Y,2.0,True,False,Y2_spores.mzML,48.0
Y3_liq,Batrachochytrium salamandrivorans,liq,Mature,liq_Mature,Y,3.0,False,False,,96.0
Y3_spores,Batrachochytrium salamandrivorans,spore,Mature,spore_Mature,Y,3.0,False,True,Y3C_liq.mzML,96.0
Y3C_liq,Batrachochytrium salamandrivorans,liq,Mature,liq_Mature,Y,3.0,True,False,Y3_spores.mzML,96.0
Z1_liq,Batrachochytrium salamandrivorans,liq,Zoospore,liq_Zoospore,Z,1.0,False,False,,8.0
Z1_spores,Batrachochytrium salamandrivorans,spore,Zoospore,spore_Zoospore,Z,1.0,False,True,Z1C_liq.mzML,8.0
Z1C_liq,Batrachochytrium salamandrivorans,liq,Zoospore,liq_Zoospore,Z,1.0,True,False,Z1_spores.mzML,8.0
Z2_liq,Batrachochytrium salamandrivorans,liq,Sporangium,liq_Sporangium,Z,2.0,False,False,,48.0
Z2_spores,Batrachochytrium salamandrivorans,spore,Sporangium,spore_Sporangium,Z,2.0,False,True,Z2C_liq.mzML,48.0
Z2C_liq,Batrachochytrium salamandrivorans,liq,Sporangium,liq_Sporangium,Z,2.0,True,False,Z2_spores.mzML,48.0
Z3_liq,Batrachochytrium salamandrivorans,liq,Mature,liq_Mature,Z,3.0,False,False,,96.0
Z3_spores,Batrachochytrium salamandrivorans,spore,Mature,spore_Mature,Z,3.0,False,True,Z3C_liq.mzML,96.0
Z3C_liq,Batrachochytrium salamandrivorans,liq,Mature,liq_Mature,Z,3.0,True,False,Z3_spores.mzML,96.0
