structurePerIdRank	formulaRank	ConfidenceScoreExact	ConfidenceScoreApproximate	CSI:FingerIDScore	ZodiacScore	SiriusScoreNormalized	SiriusScore	molecularFormula	adduct	precursorFormula	InChIkey2D	InChI	name	smiles	xlogp	pubchemids	links	dbflags	ionMass	retentionTimeInSeconds	retentionTimeInMinutes	formulaId	alignedFeatureId	compoundId	mappingFeatureId	overallFeatureQuality
1	5	0.062	0.062	-378.168		0.002	61.821	C28H45NO8	[M + Na]+	C28H45NNaO8+	YFUZLOXOAKMUKB	InChI=1S/C28H45NO8/c1-10-25(5)16-19(32)28(34)26(6)18(31)13-14-24(3,4)22(26)21(36-20(33)12-11-15-29(8)9)23(35-17(2)30)27(28,7)37-25/h10,18,21-23,31,34H,1,11-16H2,2-9H3	[(3R,4aR,6S,10aR)-5-acetyloxy-3-ethenyl-10,10b-dihydroxy-3,4a,7,7,10a-pentamethyl-1-oxo-5,6,6a,8,9,10-hexahydro-2H-benzo[f]chromen-6-yl] 4-(dimethylamino)butanoate	CC(=O)OC1C(C2C(CCC(C2(C3(C1(OC(CC3=O)(C)C=C)C)O)C)O)(C)C)OC(=O)CCCN(C)C	1.900	10098296;164121379	TeroMol:(TKC072793);PUBCHEM:(10098296 164121379)	8388610	546.298	54	0.897	878152147174869738	878151671997975084	878151671985392171	974	
1	1	0.405	0.405	-182.250		0.922	122.976	C15H27N3O6S	[M + H]+	C15H28N3O6S+	NTNUEBVGKMVANB	InChI=1S/C15H27N3O6S/c1-8(2)12(18-13(21)9(16)4-5-11(19)20)14(22)17-10(15(23)24)6-7-25-3/h8-10,12H,4-7,16H2,1-3H3,(H,17,22)(H,18,21)(H,19,20)(H,23,24)	H-DL-Glu-DL-Val-DL-Met-OH	CC(C)C(C(=O)NC(CCSC)C(=O)O)NC(=O)C(CCC(=O)O)N	-0.623	145455560;18220493	CHEBI:(163394);PUBCHEM:(145455560 18220493)	34	378.168	100	1.674	878151767590357693	878151673625365084	878151673621170779	9787	
1	6	0.218	0.218	-256.792		0.000	93.429	C21H28N4O6	[M + Na]+	C21H28N4NaO6+	MIWJDJAMMKHUAR	InChI=1S/C21H28N4O6/c1-11(2)18(21(30)31)25-20(29)16(24-19(28)14(22)7-8-17(26)27)9-12-10-23-15-6-4-3-5-13(12)15/h3-6,10-11,14,16,18,23H,7-9,22H2,1-2H3,(H,24,28)(H,25,29)(H,26,27)(H,30,31)	H-DL-Glu-DL-Trp-DL-Val-OH	CC(C)C(C(=O)O)NC(=O)C(CC1=CNC2=CC=CC=C21)NC(=O)C(CCC(=O)O)N	0.477	145455534;18220461	CHEBI:(163329);PUBCHEM:(145455534 18220461)	34	455.193	120	2.002	878152233430731509	878151672778115648	878151672769727039	5261	
1	3	0.753	0.753	-339.020		0.000	70.630	C19H34N2O6S	[M + H]+	C19H35N2O6S+	WXYHADJPBQODFD	InChI=1S/C19H34N2O6S/c1-4-6-10-26-11-12-28-13-15(19(25)27-5-2)20-14(3)17(22)21-9-7-8-16(21)18(23)24/h14-16,20H,4-13H2,1-3H3,(H,23,24)	(2S)-1-[2-[[(2R)-3-(2-butoxyethylsulfanyl)-1-ethoxy-1-oxopropan-2-yl]amino]propanoyl]pyrrolidine-2-carboxylic acid	CCCCOCCSCC(C(=O)OCC)NC(C)C(=O)N1CCCC1C(=O)O	2.002	54455551;70356450	PUBCHEM:(54455551 70356450)	2	419.218	149	2.477	878151934238444244	878151673130437196	878151673126242891	7025	
1	2	0.380	0.380	-235.909		0.237	34.015	C27H47N5O8	[M + K]+	C27H47KN5O8+	YMFTZJPMNUIXAA	InChI=1S/C27H47N5O8/c1-7-15(5)21(25(37)31-22(16(6)8-2)24(36)29-20(14(3)4)27(39)40)30-23(35)18-10-9-13-32(18)26(38)17(28)11-12-19(33)34/h14-18,20-22H,7-13,28H2,1-6H3,(H,29,36)(H,30,35)(H,31,37)(H,33,34)(H,39,40)	H-Glu-Pro-Ile-Ile-Val-OH	CCC(C)C(C(=O)NC(C(C)CC)C(=O)NC(C(C)C)C(=O)O)NC(=O)C1CCCN1C(=O)C(CCC(=O)O)N	1.000	101918611	PUBCHEM:(101918611)	2	608.310	160	2.663	878151764914391732	878151675378584220	878151675374389915	35325	
1	6	0.131	0.131	-386.053		0.024	10.004	C28H45N7O6	[M + Na]+	C28H45N7NaO6+	FGQVFEKPNYGHEX	InChI=1S/C28H45N7O6/c1-16(2)11-20(32-24(36)19(29)13-18-14-30-15-31-18)26(38)34-9-5-7-22(34)25(37)33-21(12-17(3)4)27(39)35-10-6-8-23(35)28(40)41/h14-17,19-23H,5-13,29H2,1-4H3,(H,30,31)(H,32,36)(H,33,37)(H,40,41)	H-His-Leu-Pro-Leu-Pro-OH	CC(C)CC(C(=O)N1CCCC1C(=O)O)NC(=O)C2CCCN2C(=O)C(CC(C)C)NC(=O)C(CC3=CN=CN3)N	-1.000	16101422	PUBCHEM:(16101422);PUBMED:(null)	66	598.331	162	2.707	878152305191078655	878151672891361860	878151672887167555	6100	
1	1	0.419	0.419	-363.201		0.421	135.341	C34H47N7O8	[M + H]+	C34H48N7O8+	VULJVZXXUQIUEM	InChI=1S/C34H47N7O8/c1-21(36)30(44)39-26(18-23-12-14-24(42)15-13-23)33(47)41-17-7-11-28(41)32(46)37-20-29(43)38-25(10-5-6-16-35)31(45)40-27(34(48)49)19-22-8-3-2-4-9-22/h2-4,8-9,12-15,21,25-28,42H,5-7,10-11,16-20,35-36H2,1H3,(H,37,46)(H,38,43)(H,39,44)(H,40,45)(H,48,49)	H-DL-Ala-DL-Tyr-DL-Pro-Gly-DL-Lys-DL-Phe-OH	CC(C(=O)NC(CC1=CC=C(C=C1)O)C(=O)N2CCCC2C(=O)NCC(=O)NC(CCCCN)C(=O)NC(CC3=CC=CC=C3)C(=O)O)N	0.374	85798446;10305353;129409289;129450021;129450022;129450023	PUBCHEMANNOTATIONBIO;HMDB:(HMDB0248753);BloodExposome:(10305353);MESH:(10305353);PUBCHEM:(85798446 10305353 129409289 129450021 129450022 129450023);PUBMED	20971598	682.354	179	2.978	878154229126712115	878151672505485880	878151672497097271	3219	
1	2	0.394	0.394	-255.494		0.468	119.930	C23H43N3O6	[M + K]+	C23H43KN3O6+	WAJQVCFLOCAXOP	InChI=1S/C23H43N3O6/c1-13(2)11-16(20(28)26-18(15(5)6)21(29)31-10)24-19(27)17(12-14(3)4)25-22(30)32-23(7,8)9/h13-18H,11-12H2,1-10H3,(H,24,27)(H,25,30)(H,26,28)	methyl 2-[2-(2-{[(tert-butoxy)carbonyl]amino}-4-methylpentanamido)-4-methylpentanamido]-3-methylbutanoate	CC(C)CC(C(=O)NC(C(C)C)C(=O)OC)NC(=O)C(CC(C)C)NC(=O)OC(C)(C)C	4.400	16405919;4639693	COCONUT:(CNP0290065);SUPERNATURAL:(SN0404944);PUBCHEM:(16405919 4639693)	3145730	496.278	181	3.012	878151831062760137	878151673734416992	878151673730222687	10167	
1	1	0.316	0.316	-478.815		0.961	167.198	C32H44N6O8	[M + H]+	C32H45N6O8+	OKCXALXIVQJLMA	InChI=1S/C32H44N6O8/c1-20(40)46-28(18-22-8-13-25(42)14-9-22)30(44)37-26(15-10-21-6-11-24(41)12-7-21)31(45)38-17-3-5-27(38)29(43)36-23(19-39)4-2-16-35-32(33)34/h6-9,11-14,23,26-28,39,41-42H,2-5,10,15-19H2,1H3,(H,36,43)(H,37,44)(H4,33,34,35)	spumigin 640	CC(=O)OC(CC1=CC=C(C=C1)O)C(=O)NC(CCC2=CC=C(C=C2)O)C(=O)N3CCCC3C(=O)NC(CCCN=C(N)N)CO	1.000	163153976;146684833	COCONUT:(CNP0460236);SUPERNATURAL:(SN0267669);PUBCHEM:(163153976 146684833);DSSTox:(DTXSID801047332);LOTUS:(Q104246306)	137710534658	641.330	195	3.256	878154503039929212	878151672346102324	878151672341908019	2499	
1	1	0.029	0.029	-534.143		1.000	91.748	C38H70N8O7	[M + K]+	C38H70KN8O7+	IMVOJPMZXCCBMD	InChI=1S/C38H70N8O7/c1-22(2)16-27-21-33(48)29(10-14-41)44-36(51)26(9-13-40)20-34(49)30(17-23(3)4)45-38(53)31(18-24(5)6)46-37(52)25(8-12-39)19-32(47)28(42-7)11-15-43-35(27)50/h22-31,42H,8-21,39-41H2,1-7H3,(H,43,50)(H,44,51)(H,45,53)(H,46,52)	8,11,22-Tris(2-aminoethyl)-19-(methylamino)-2,5,14-tris(2-methylpropyl)-1,4,10,16-tetrazacyclotricosane-3,6,9,12,15,20,23-heptone	CC(C)CC1CC(=O)C(NC(=O)C(CC(=O)C(NC(=O)C(NC(=O)C(CC(=O)C(CCNC1=O)NC)CCN)CC(C)C)CC(C)C)CCN)CCN	-0.100	158745565	PUBCHEM:(158745565)	2	789.504	224	3.738	878152086495873756	878151675160480396	878151675160480395	22089	
1	1	0.080	0.080	-543.553		0.733	74.645	C52H74N8O11	[M + H]+	C52H75N8O11+	QNCHOWGBHYLWIC	InChI=1S/C52H74N8O11/c1-29(2)25-37-46(64)57-43(31(5)6)51(69)59-23-13-17-40(59)47(65)56-39(26-30(3)4)49(67)58(9)42(28-35-19-21-36(62)22-20-35)50(68)60-24-14-18-41(60)52(70)71-32(7)44(53-33(8)61)48(66)55-38(45(63)54-37)27-34-15-11-10-12-16-34/h10-12,15-16,19-22,29-32,37-44,62H,13-14,17-18,23-28H2,1-9H3,(H,53,61)(H,54,63)(H,55,66)(H,56,65)(H,57,64)	Octaminomycin B	CC1C(C(=O)NC(C(=O)NC(C(=O)NC(C(=O)N2CCCC2C(=O)NC(C(=O)N(C(C(=O)N3CCCC3C(=O)O1)CC4=CC=C(C=C4)O)C)CC(C)C)C(C)C)CC(C)C)CC5=CC=CC=C5)NC(=O)C	5.200	162882377;162882378;132849704;132942410;132942411	COCONUT:(CNP0148356);SUPERNATURAL:(SN0309910);MESH:(132849704);PUBCHEM:(162882377 162882378 132849704 132942410 132942411);LOTUS:(Q105224327);PUBMED:(null)	271581254	987.544	234	3.894	878152579771190021	878151671670819368	878151671637264935	545	
1	7	0.269	0.269	-280.789		0.000	110.089	C28H51N9O8	[M + K]+	C28H51KN9O8+	NHJIXOQXUZFQAX	InChI=1S/C28H51N9O8/c1-14(2)12-18(27(44)45)34-23(40)19(13-38)35-22(39)17(8-6-10-32-28(30)31)33-25(42)21(15(3)4)36-24(41)20-9-7-11-37(20)26(43)16(5)29/h14-21,38H,6-13,29H2,1-5H3,(H,33,42)(H,34,40)(H,35,39)(H,36,41)(H,44,45)(H4,30,31,32)	H-DL-Ala-DL-Pro-DL-Val-DL-Arg-DL-Ser-DL-Leu-OH	CC(C)CC(C(=O)O)NC(=O)C(CO)NC(=O)C(CCCN=C(N)N)NC(=O)C(C(C)C)NC(=O)C1CCCN1C(=O)C(C)N	-1.641	22561291	PUBCHEM:(22561291)	2	680.356	238	3.968	878153535762123554	878151673499535960	878151673495341655	8793	
1	1	0.049	0.049	-240.487		0.662	61.650	C18H19NO5	[M + H]+	C18H20NO5+	NDSDEHICPAGUDL	InChI=1S/C18H19NO5/c1-3-23-14-8-6-13(7-9-14)19-17(21)12-5-10-16(20)15(11-12)18(22)24-4-2/h5-11,20H,3-4H2,1-2H3,(H,19,21)	Benzoic acid, 5-(((4-ethoxyphenyl)amino)carbonyl)-2-hydroxy-, ethyl ester	CCOC1=CC=C(C=C1)NC(=O)C2=CC(=C(C=C2)O)C(=O)OCC	3.500	217299	PUBCHEMANNOTATIONSAFETYANDTOXIC:(null);PUBCHEM:(217299);DSSTox:(DTXSID30191834)	137506062338	330.134	262	4.364	878153032080739089	878151674460031608	878151674455837303	15461	
1	7	0.284	0.284	-312.387		0.004	54.295	C29H47N5O5	[M + K]+	C29H47KN5O5+	GOJLWYJGIGTXFP	InChI=1S/C29H47N5O5/c1-28(2,3)33-27(39)32-21(17-12-7-6-8-13-17)26(38)34-15-18-20(29(18,4)5)22(34)25(37)31-19(23(35)24(30)36)14-16-10-9-11-16/h16-22H,6-15H2,1-5H3,(H2,30,36)(H,31,37)(H2,32,33,39)	N-(4-amino-1-cyclobutyl-3,4-dioxobutan-2-yl)-3-[(2S)-2-(tert-butylcarbamoylamino)-2-cyclohexylacetyl]-6,6-dimethyl-3-azabicyclo[3.1.0]hexane-2-carboxamide	CC1(C2C1C(N(C2)C(=O)C(C3CCCCC3)NC(=O)NC(C)(C)C)C(=O)NC(CC4CCC4)C(=O)C(=O)N)C	3.800	58605772;58705587;58751255;58908628;16087210;21017168;59115505	PUBCHEMANNOTATIONBIO;PUBCHEM:(58605772 58705587 58751255 58908628 16087210 21017168 59115505);PUBMED	16777282	584.317	269	4.475	878154375797328718	878151674048989804	878151674048989803	12736	
1	1	0.321	0.321	-404.061		0.664	40.747	C26H43N9O9	[M + H]+	C26H44N9O9+	XSNCHEVHOADIMN	InChI=1S/C26H43N9O9/c1-14(27)24(43)35-10-4-7-19(35)23(42)32-17(11-20(38)39)21(40)33-18(13-37)22(41)31-16(6-2-8-30-26(28)29)25(44)34-9-3-5-15(34)12-36/h12,14-19,37H,2-11,13,27H2,1H3,(H,31,41)(H,32,42)(H,33,40)(H,38,39)(H4,28,29,30)	H-Ala-Pro-Asp-Ser-Arg-Pro-al	CC(C(=O)N1CCCC1C(=O)NC(CC(=O)O)C(=O)NC(CO)C(=O)NC(CCCN=C(N)N)C(=O)N2CCCC2C=O)N	-6.800	91799241	PUBCHEMANNOTATIONBIO:(null);PUBCHEM:(91799241)	16777218	626.331	304	5.068	878153587389811494	878151674623609468	878151674611026555	16396	
1	1	0.138	0.138	-99.837		0.773	70.587	C9H21N3O5	[M + Na]+	C9H21N3NaO5+	ODDYSAQPSGQARN	InChI=1S/C9H21N3O5/c1-8(2-13,3-14)11-7(10)12-9(4-15,5-16)6-17/h13-17H,2-6H2,1H3,(H3,10,11,12)	2-[1,3-Dihydroxy-2-(hydroxymethyl)propan-2-yl]-1-(1,3-dihydroxy-2-methylpropan-2-yl)guanidine	CC(CO)(CO)NC(=NC(CO)(CO)CO)N	-4.200	153764139	PUBCHEM:(153764139)	2	274.138	335	5.581	878154390976514909	878151675345029780	878151675340835475	28041	
1	7	0.052	0.052	-174.275		0.004	66.233	C16H22O4	[M + Na]+	C16H22NaO4+	UITYYEDLUNASRT	InChI=1S/C16H22O4/c1-9(2)7-6-8-10(3)12-14(18)13(17)11(4)16(20-5)15(12)19/h7,10,18H,6,8H2,1-5H3		CC1=C(C(=O)C(=C(C1=O)O)C(C)CCC=C(C)C)OC	3.500	163113956;163113957	COCONUT:(CNP0434545);SUPERNATURAL:(SN0371582);PUBCHEM:(163113956 163113957)	3145730	301.140	450	7.500	878154248055606083	878151674296453748	878151674250316403	14687	
1	1	0.092	0.092	-218.555		1.000	202.731	C21H38O3	[M + H]+	C21H39O3+	KHPNSFFGLLOSHH	InChI=1S/C21H38O3/c1-3-5-6-7-9-12-15-19-20(24-19)16-13-10-8-11-14-17-21(22)23-18-4-2/h4,19-20H,2-3,5-18H2,1H3	Octadecanoic acid, 9,10-epoxy-, allyl ester	CCCCCCCCC1C(O1)CCCCCCCC(=O)OCC=C	7.100	97299735;97299736;97299737;97299738;98156	PUBCHEMANNOTATIONSAFETYANDTOXIC:(null);PUBCHEM:(97299735 97299736 97299737 97299738 98156);DSSTox:(DTXSID00861759)	137506062338	339.289	487	8.120	878154432797920104	878151675261143696	878151675256949391	25555	
1	1	0.566	0.566	-48.795		1.000	84.181	C20H42O4	[M + H]+	C20H43O4+	NBPXCCCUFZBDQE	InChI=1S/C20H42O4/c1-2-3-4-5-6-7-8-9-10-11-12-13-15-22-17-19-24-20-18-23-16-14-21/h21H,2-20H2,1H3	2-[2-(2-tetradecoxyethoxy)ethoxy](114C)ethanol	CCCCCCCCCCCCCCOCCOCCOCCO	5.311	101363083;3015324	NORMAN:(NS00014533);PUBCHEM:(101363083 3015324);DSSTox:(DTXSID50181318)	137439215618	347.316	488	8.133	878154380432034642	878151673843468900	878151673839274595	10836	
1	1	0.438	0.438	-202.451		1.000	218.902	C13H25NO3	[M + H]+	C13H26NO3+	HEUQYIQQCNOXOG	InChI=1S/C13H25NO3/c1-2-3-4-5-6-7-8-9-10-12(15)14-11-13(16)17/h2-11H2,1H3,(H,14,15)(H,16,17)	2-undecanamidoacetic acid	CCCCCCCCCCC(=O)NCC(=O)O	3.800	454092	PUBCHEMANNOTATIONBIO:(null);COCONUT:(CNP0135234);HMDB:(HMDB0013286);PUBCHEMANNOTATIONSAFETYANDTOXIC:(null);BloodExposome:(454092);CHEBI:(74438);SUPERNATURAL:(SN0123630);FooDB:(FDB029363);PUBCHEM:(454092);DSSTox:(DTXSID50332388);LOTUS:(Q27144673);PUBCHEMANNOTATIONDRUG:(null);PUBMED:(null)	138369040490	244.191	499	8.320	878154436316941170	878151675072400008	878151675068205703	20237	
1	1	0.095	0.095	-653.596		0.696	160.278	C32H44N4O13	[M + K]+	C32H44KN4O13+	WCDQRGFZMJPAHM	InChI=1S/C32H44N4O13/c1-3-19-20(10-9-17-13-36(11-12-37)14-21(27(41)42)24(17)35-31(33)34-2)22(28(43)47-18-7-5-4-6-8-18)16-46-29(19)49-30-26(40)32(44,45)25(39)23(15-38)48-30/h3,9-10,13-14,16,18-20,23,25-26,29-30,37-40,44-45H,1,4-8,11-12,15H2,2H3,(H3,33,34,41,42)/p+1		CN=C(N)NC1=C(C=[N+](C=C1C=CC2C(C(OC=C2C(=O)OC3CCCCC3)OC4C(C(C(C(O4)CO)O)(O)O)O)C=C)CCO)C(=O)O	0.117		TeroMol:(TKC160196 TKC160197)	8388608	731.251	523	8.716	878154709722650551	878151675366001304	878151675361806999	31396	
1	6	0.164	0.164	-250.570		0.019	26.656	C36H64N8O8	[M + H]+	C36H65N8O8+	KAPPSRZBPKMQMU	InChI=1S/C36H64N8O8/c1-9-33(10-2)25(45)37-17-19-39-27(47)34(11-3,12-4)29(49)41-21-23-43-31(51)36(15-7,16-8)32(52)44-24-22-42-30(50)35(13-5,14-6)28(48)40-20-18-38-26(33)46/h9-24H2,1-8H3,(H,37,45)(H,38,46)(H,39,47)(H,40,48)(H,41,49)(H,42,50)(H,43,51)(H,44,52)		CCC1(C(=O)NCCNC(=O)C(C(=O)NCCNC(=O)C(C(=O)NCCNC(=O)C(C(=O)NCCNC1=O)(CC)CC)(CC)CC)(CC)CC)CC	1.600	12278624	PUBCHEM:(12278624);DSSTox:(DTXSID90483843)	137438953474	737.490	640	10.659	878154682581307978	878151674782993024	878151674778798719	17323	
1	1	0.204	0.204	-141.393		1.000	86.939	C15H29NO	[M + H]+	C15H30NO+	CSMJMAQKBKGDQX	InChI=1S/C15H29NO/c1-2-3-4-5-6-7-8-9-10-11-12-13-14-16-15-17/h2-14H2,1H3	Tetradecyl isocyanate	CCCCCCCCCCCCCCN=C=O	7.700	3485710	PUBCHEMANNOTATIONSAFETYANDTOXIC:(null);PUBCHEM:(3485710);DSSTox:(DTXSID40392931);PUBMED:(null)	137506062402	240.233	640	10.666	878154622577593716	878151674942376580	878151674938182275	18484	
