species	row_id	mz	confidence	name	n_residues	n_pro	residues
dendrobatidis	3930	1008.5201	0.194	H-Leu-Gln-Leu-Pro-Gln-Gly-Thr-Thr-Leu-OH	9	1	Leu;Gln;Leu;Pro;Gln;Gly;Thr;Thr;Leu
dendrobatidis	2053	877.5809		H-Arg-Lys-Arg-Lys-Arg-Lys-al	6	0	Arg;Lys;Arg;Lys;Arg;Lys
dendrobatidis	8473	926.401	0.055	H-DL-Tyr-DL-Arg-DL-Phe-Gly-DL-Tyr-DL-Pro-DL-Ser-NH2	7	1	Tyr;Arg;Phe;Gly;Tyr;Pro;Ser
dendrobatidis	11252	1057.5779	0.169	H-Leu-Pro-Tyr-Pro-Asp-Pro-Ser-Arg-Ile-OH	9	3	Leu;Pro;Tyr;Pro;Asp;Pro;Ser;Arg;Ile
dendrobatidis	9519	867.5361		H-Lys-Gly-Pro-Pro-Ala-Ala-Leu-Thr-Leu-OH	9	2	Lys;Gly;Pro;Pro;Ala;Ala;Leu;Thr;Leu
dendrobatidis	17663	728.3763	0.394	H-Gly-Pro-Thr-Ile-Glu-Glu-Val-al	7	1	Gly;Pro;Thr;Ile;Glu;Glu;Val
dendrobatidis	1867	669.348	0.658	Ac-Gly-Gly-Val-Leu-Gln-Pro-Gly-OH	7	1	Gly;Gly;Val;Leu;Gln;Pro;Gly
dendrobatidis	2900	635.3269	0.715	H-DL-Gln-DL-Pro-DL-Lys-DL-Lys-DL-Pro-OH	5	2	Gln;Pro;Lys;Lys;Pro
dendrobatidis	4433	461.2398	0.863	H-DL-xiThr-DL-Met-DL-xiIle-DL-Pro-OH	4	1	Thr;Met;Ile;Pro
dendrobatidis	3130	508.2672	0.168	H-DL-Pro-DL-Val-DL-Val-DL-Arg-OH	4	1	Pro;Val;Val;Arg
dendrobatidis	1191	724.4059	0.272	H-Pro-Val-Lys-Val-Tyr-Pro-OH	6	2	Pro;Val;Lys;Val;Tyr;Pro
dendrobatidis	603	724.4064	0.366	H-Pro-Val-Lys-Val-Tyr-Pro-OH	6	2	Pro;Val;Lys;Val;Tyr;Pro
dendrobatidis	69	553.3361	0.789	H-Glu-D-Pro-D-Pro-Lys-D-Val-al	5	2	Glu;Pro;Pro;Lys;Val
dendrobatidis	836	524.3432	0.985	Val-Leu-Pro-Val-Pro	5	2	Val;Leu;Pro;Val;Pro
dendrobatidis	843	540.3412	0.789	Ile-Pro-Pro-Leu-Thr	5	2	Ile;Pro;Pro;Leu;Thr
dendrobatidis	4889	470.2967	0.522	H-DL-Gln-DL-Leu-DL-Leu-DL-Pro-OH	4	1	Gln;Leu;Leu;Pro
dendrobatidis	1167	472.2428	0.348	H-Gly-His-Arg-Pro-al	4	1	Gly;His;Arg;Pro
dendrobatidis	13281	411.7202	0.866	Pro-Val-Val-Pro	4	2	Pro;Val;Val;Pro
dendrobatidis	16076	520.2675	0.244	Ac-Ser-Thr-Thr-Ala-Val-OH	5	0	Ser;Thr;Thr;Ala;Val
salamandrivorans	6892	882.4325	0.73	Ac-Thr-Thr-Pro-Ala-Ala-Phe-Ala-Tyr-NH2	8	1	Thr;Thr;Pro;Ala;Ala;Phe;Ala;Tyr
salamandrivorans	14133	559.3285	0.945	H-Val-Val-Pro-Pro-Phe-OH	5	2	Val;Val;Pro;Pro;Phe
salamandrivorans	4033	863.5027	0.581	H-Leu-Leu-Asp-Val-Val-His-Pro-Ala-OH	8	1	Leu;Leu;Asp;Val;Val;His;Pro;Ala
salamandrivorans	9784	979.488	0.341	H-Ser-Met-Pro-Glu-Leu-Ser-Pro-Val-Leu-al	9	2	Ser;Met;Pro;Glu;Leu;Ser;Pro;Val;Leu
salamandrivorans	8695	909.4408	0.256	H-Val-Pro-Ala-Pro-Asp-Gly-Lys-Gly-Phe-OH	9	2	Val;Pro;Ala;Pro;Asp;Gly;Lys;Gly;Phe
salamandrivorans	20069	427.2568	0.764	H-DL-Val-DL-Val-DL-Pro-DL-Leu-OH	4	1	Val;Val;Pro;Leu
salamandrivorans	26054	427.2029	0.186	H-DL-xiIle-DL-Arg-DL-xiThr-OH	3	0	Ile;Arg;Thr
salamandrivorans	2903	549.2961	0.493	H-Val-Arg-Pro-Arg-al	4	1	Val;Arg;Pro;Arg
salamandrivorans	6878	978.4843	0.34	H-Ser-Met-Pro-Glu-Leu-Ser-Pro-Val-Leu-al	9	2	Ser;Met;Pro;Glu;Leu;Ser;Pro;Val;Leu
salamandrivorans	1424	978.4833	0.282	H-Ser-Met-Pro-Glu-Leu-Ser-Pro-Val-Leu-al	9	2	Ser;Met;Pro;Glu;Leu;Ser;Pro;Val;Leu
salamandrivorans	1640	992.4642	0.843	H-Cys(1)-Tyr-Ile-Leu-Asn-Cys(1)-Pro-Leu-Gly-NH2	9	1	Cys;Tyr;Ile;Leu;Asn;Cys;Pro;Leu;Gly
salamandrivorans	2940	954.449	0.103	H-Gly-Leu-Cys-Pro-Leu-Val-Ala-Met-Leu-OH	9	1	Gly;Leu;Cys;Pro;Leu;Val;Ala;Met;Leu
salamandrivorans	569	640.2982	0.286	H-DL-Ala-DL-Leu-DL-xiThr-DL-Asn-DL-Glu-DL-Ala-OH	6	0	Ala;Leu;Thr;Asn;Glu;Ala
salamandrivorans	1199	529.2977	0.075	H-DL-xiIle-DL-Leu-DL-Val-DL-Tyr-OH	4	0	Ile;Leu;Val;Tyr
salamandrivorans	1208	560.3275	0.336	H-DL-Glu-DL-Leu-DL-Val-DL-xiIle-DL-Ser-OH	5	0	Glu;Leu;Val;Ile;Ser
salamandrivorans	943	655.3416	0.623	H-Pro-Leu-Glu-Pro-Ser-Gly-Gly-NH2	7	2	Pro;Leu;Glu;Pro;Ser;Gly;Gly
salamandrivorans	883	427.2196	0.251	H-DL-Asp-DL-Val-DL-Pro-DL-Pro-OH	4	2	Asp;Val;Pro;Pro
salamandrivorans	3048	786.421	0.124	H-Ala-Val-Ala-Phe-Tyr-Ile-Pro-al	7	1	Ala;Val;Ala;Phe;Tyr;Ile;Pro
salamandrivorans	9059	654.3307	0.338	H-Phe-Asn-Arg-Pro-Val-OH	5	1	Phe;Asn;Arg;Pro;Val
salamandrivorans	17016	485.7578	0.922	H-Ala-Pro-Glu-Ala-Val-OH	5	1	Ala;Pro;Glu;Ala;Val
salamandrivorans	6036	1021.5277	0.721	H-Ser-Pro-Ser-Ile-Pro-Leu-Ser-Ser-Ala-Tyr-OH	10	2	Ser;Pro;Ser;Ile;Pro;Leu;Ser;Ser;Ala;Tyr
salamandrivorans	5609	776.3724	0.163	H-Ala-Ala-Ile-Met-Met-Gln-Ala-Gly-al	8	0	Ala;Ala;Ile;Met;Met;Gln;Ala;Gly
salamandrivorans	2309	891.5302	0.477	H-Leu-Pro-Gln-Asn-Ile-Pro-Pro-Leu-OH	8	3	Leu;Pro;Gln;Asn;Ile;Pro;Pro;Leu
salamandrivorans	26226	557.817	0.907	H-Val-Val-Pro-Pro-Phe-OH	5	2	Val;Val;Pro;Pro;Phe
salamandrivorans	15432	905.4865	0.783	H-Lys-Gly-Pro-Pro-Ala-Ala-Leu-Thr-Leu-OH	9	2	Lys;Gly;Pro;Pro;Ala;Ala;Leu;Thr;Leu
salamandrivorans	14815	557.3266	0.763	H-DL-Leu-Gly-DL-xiThr-DL-xiIle-DL-Pro-Gly-OH	6	1	Leu;Gly;Thr;Ile;Pro;Gly
salamandrivorans	6825	699.3386	0.176	H-Leu-Glu-Ser-Ser-Ile-Ile-OH	6	0	Leu;Glu;Ser;Ser;Ile;Ile
salamandrivorans	9976	461.2773	0.729	H-Arg-His-Lys-NH2	3	0	Arg;His;Lys
salamandrivorans	10417	475.2544	0.686	H-Asp-Leu-Pro-Phe-al	4	1	Asp;Leu;Pro;Phe
salamandrivorans	7568	763.3497	0.149	H-DL-Ala-DL-Ala-DL-Phe-DL-Phe-DL-Ala-DL-Ala-DL-Lys-OH	7	0	Ala;Ala;Phe;Phe;Ala;Ala;Lys
salamandrivorans	7868	699.3309	0.789	H-Leu-Glu-Ser-Ser-Ile-Ile-OH	6	0	Leu;Glu;Ser;Ser;Ile;Ile
